institution,metric,est_a,est_b,kind,tau_mean,tau_ci_low,tau_ci_high,jaccard_top3_mean,n_students
OULAD,tau_strict,shap,shap,self,0.8723734214728505,0.8459287997541938,0.8908712187605621,0.8886469468443403,6829
OULAD,tau_strict,occlusion,occlusion,self,0.7756849291188141,0.7459762576641293,0.8079465455663043,0.8174007907453507,6829
OULAD,tau_strict,lime,lime,self,0.722848635720213,0.6875247583990816,0.7507578291808005,0.7726607116708156,6829
OULAD,tau_strict,kernelshap_prob,kernelshap_prob,self,0.8859457914077918,0.8677686223786888,0.8995625792581864,0.8989486015522038,6829
OULAD,tau_strict,shap,occlusion,cross,0.5098550300190365,0.4462985908442363,0.5664532908088491,0.6540254795724117,6829
OULAD,tau_strict,shap,lime,cross,0.7303655976961,0.7033677828708212,0.7527547000883902,0.7669204861619564,6829
OULAD,tau_strict,shap,kernelshap_prob,cross,0.8908018325209717,0.8751001306541372,0.9039201186571418,0.9002050080538878,6829
OULAD,tau_strict,occlusion,lime,cross,0.4177492347063295,0.3538675333577595,0.4785329282636297,0.591439449406941,6829
OULAD,tau_strict,occlusion,kernelshap_prob,cross,0.5262166251769416,0.4699060841471384,0.5751814884840025,0.6614994874798653,6829
OULAD,tau_strict,lime,kernelshap_prob,cross,0.7153595659965555,0.6864688814350478,0.73974858635785,0.7584770830282619,6829
OULAD,tau_b,shap,shap,self,0.8723734214728505,0.8459287997541938,0.8908712187605621,,6829
OULAD,tau_b,occlusion,occlusion,self,0.7772130474827738,0.7480980691471547,0.8082598202988579,,6829
OULAD,tau_b,lime,lime,self,0.722848635720213,0.6875247583990816,0.7507578291808005,,6829
OULAD,tau_b,kernelshap_prob,kernelshap_prob,self,0.8859457914077918,0.8677686223786888,0.8995625792581864,,6829
OULAD,tau_b,shap,occlusion,cross,0.511610411969735,0.4479050319586709,0.567655719293554,,6829
OULAD,tau_b,shap,lime,cross,0.7303655976961,0.7033677828708212,0.7527547000883902,,6829
OULAD,tau_b,shap,kernelshap_prob,cross,0.8908018325209717,0.8751001306541372,0.9039201186571418,,6829
OULAD,tau_b,occlusion,lime,cross,0.4195387174138336,0.355868830072244,0.4798880045750304,,6829
OULAD,tau_b,occlusion,kernelshap_prob,cross,0.5278289348227796,0.4718912635138706,0.5766886581992918,,6829
OULAD,tau_b,lime,kernelshap_prob,cross,0.7153595659965555,0.6864688814350478,0.73974858635785,,6829
KU Leuven,tau_strict,shap,shap,self,0.7712256287598753,0.7255859083445292,0.8135545127141767,0.8241019786910198,1314
KU Leuven,tau_strict,occlusion,occlusion,self,0.87866927592955,0.8363964686998396,0.9180048129512143,0.8410273972602741,1314
KU Leuven,tau_strict,lime,lime,self,0.476436906573893,0.39769557796724114,0.5924451250638081,0.5989497716894977,1314
KU Leuven,tau_strict,kernelshap_prob,kernelshap_prob,self,0.8141335072841923,0.7728528269313769,0.8524982406755808,0.8491628614916286,1314
KU Leuven,tau_strict,shap,occlusion,cross,0.6247879973907372,0.5535024477080553,0.68197662711032,0.737579908675799,1314
KU Leuven,tau_strict,shap,lime,cross,0.4281220555193158,0.31460361613351884,0.5402744272002115,0.5281126331811263,1314
KU Leuven,tau_strict,shap,kernelshap_prob,cross,0.8496339784011019,0.8163605148306554,0.8878324573976747,0.8734550989345512,1314
KU Leuven,tau_strict,occlusion,lime,cross,0.2819163586286874,0.16608660880898077,0.36486442918399586,0.45299847792998477,1314
KU Leuven,tau_strict,occlusion,kernelshap_prob,cross,0.6274987316083207,0.56545601291364,0.6766424085335461,0.7440487062404871,1314
KU Leuven,tau_strict,lime,kernelshap_prob,cross,0.3952598390954556,0.2797403801576264,0.5118311242022583,0.5198630136986302,1314
KU Leuven,tau_b,shap,shap,self,0.7712256287598753,0.7255859083445292,0.8135545127141767,,1314
KU Leuven,tau_b,occlusion,occlusion,self,0.8683214467961191,0.8282456370884809,0.9042409686353592,,1314
KU Leuven,tau_b,lime,lime,self,0.476436906573893,0.39769557796724114,0.5924451250638081,,1314
KU Leuven,tau_b,kernelshap_prob,kernelshap_prob,self,0.8141335072841923,0.7728528269313769,0.8524982406755808,,1314
KU Leuven,tau_b,shap,occlusion,cross,0.6427296930939791,0.5814421960585283,0.6899352833396413,,1314
KU Leuven,tau_b,shap,lime,cross,0.4281220555193158,0.31460361613351884,0.5402744272002115,,1314
KU Leuven,tau_b,shap,kernelshap_prob,cross,0.8496339784011019,0.8163605148306554,0.8878324573976747,,1314
KU Leuven,tau_b,occlusion,lime,cross,0.2755938646360445,0.1460755506785094,0.3691368420208583,,1314
KU Leuven,tau_b,occlusion,kernelshap_prob,cross,0.6650715500731298,0.6052084188564366,0.7095596200102535,,1314
KU Leuven,tau_b,lime,kernelshap_prob,cross,0.3952598390954556,0.2797403801576264,0.5118311242022583,,1314
UKZN,tau_strict,shap,shap,self,0.7570543459019297,0.6929991245303778,0.818915463553109,0.8063651383725733,2421
UKZN,tau_strict,occlusion,occlusion,self,0.8396805727660747,0.795563032338337,0.8756978911716281,0.8436885584469228,2421
UKZN,tau_strict,lime,lime,self,0.6418795853740092,0.6007137215393098,0.6898112714676057,0.705518380834366,2421
UKZN,tau_strict,kernelshap_prob,kernelshap_prob,self,0.7486910170925042,0.7140536529150373,0.7890196686231264,0.792474184221396,2421
UKZN,tau_strict,shap,occlusion,cross,0.6004484569540331,0.5387281458573324,0.6574021528748369,0.7322263527467988,2421
UKZN,tau_strict,shap,lime,cross,0.5703703703703704,0.4943556244428117,0.6371121854603924,0.6023048327137546,2421
UKZN,tau_strict,shap,kernelshap_prob,cross,0.7925060482681301,0.7644595774401958,0.8151503034088065,0.7972655927302766,2421
UKZN,tau_strict,occlusion,lime,cross,0.3237033103204108,0.19872110036960847,0.44622380995189714,0.5123420074349443,2421
UKZN,tau_strict,occlusion,kernelshap_prob,cross,0.5590409315316378,0.50213898615587,0.6103071967402677,0.7127633209417596,2421
UKZN,tau_strict,lime,kernelshap_prob,cross,0.5931000570405776,0.5367601280389219,0.6421814932224048,0.6082610491532424,2421
UKZN,tau_b,shap,shap,self,0.7571716891599054,0.6931870733706138,0.8189189948544641,,2421
UKZN,tau_b,occlusion,occlusion,self,0.8405942185684453,0.8075810122240852,0.871819902262586,,2421
UKZN,tau_b,lime,lime,self,0.6418795853740092,0.6007137215393098,0.6898112714676057,,2421
UKZN,tau_b,kernelshap_prob,kernelshap_prob,self,0.7486910170925042,0.7140536529150373,0.7890196686231264,,2421
UKZN,tau_b,shap,occlusion,cross,0.609406949972998,0.5465574901258133,0.6624351807641015,,2421
UKZN,tau_b,shap,lime,cross,0.5703084052460929,0.4943556244428117,0.6369552907281427,,2421
UKZN,tau_b,shap,kernelshap_prob,cross,0.792441168754687,0.7642892043375729,0.8151120777754826,,2421
UKZN,tau_b,occlusion,lime,cross,0.33695210950230964,0.22483900918182848,0.4509003063542744,,2421
UKZN,tau_b,occlusion,kernelshap_prob,cross,0.5788131889690598,0.536644222562623,0.6145129516001545,,2421
UKZN,tau_b,lime,kernelshap_prob,cross,0.5931000570405776,0.5367601280389219,0.6421814932224048,,2421
Zambia,tau_strict,shap,shap,self,0.7571428571428572,0.7259259259259259,0.7826839826839826,0.74575,40
Zambia,tau_strict,occlusion,occlusion,self,0.8428571428571431,0.7968253968253969,0.8805194805194806,0.8324999999999999,40
Zambia,tau_strict,lime,lime,self,0.6838095238095239,0.658008658008658,0.7153439153439154,0.709,40
Zambia,tau_strict,kernelshap_prob,kernelshap_prob,self,0.7347619047619048,0.6804232804232805,0.7792207792207794,0.7344999999999999,40
Zambia,tau_strict,shap,occlusion,cross,0.54,0.45079365079365086,0.612987012987013,0.6890000000000001,40
Zambia,tau_strict,shap,lime,cross,0.5176190476190478,0.4580086580086581,0.5904761904761906,0.5654999999999999,40
Zambia,tau_strict,shap,kernelshap_prob,cross,0.9161904761904763,0.9151515151515153,0.9174603174603175,0.8875,40
Zambia,tau_strict,occlusion,lime,cross,0.2347619047619048,0.21645021645021648,0.2571428571428572,0.45150000000000007,40
Zambia,tau_strict,occlusion,kernelshap_prob,cross,0.5371428571428571,0.4761904761904763,0.587012987012987,0.6729999999999999,40
Zambia,tau_strict,lime,kernelshap_prob,cross,0.5357142857142858,0.4753246753246753,0.6095238095238096,0.5875,40
Zambia,tau_b,shap,shap,self,0.7571428571428572,0.7259259259259259,0.7826839826839826,,40
Zambia,tau_b,occlusion,occlusion,self,0.8298353003318046,0.7767831960251325,0.8732415674918091,,40
Zambia,tau_b,lime,lime,self,0.6838095238095239,0.658008658008658,0.7153439153439154,,40
Zambia,tau_b,kernelshap_prob,kernelshap_prob,self,0.7347619047619048,0.6804232804232805,0.7792207792207794,,40
Zambia,tau_b,shap,occlusion,cross,0.5696595222738446,0.512471214831475,0.6164499556357834,,40
Zambia,tau_b,shap,lime,cross,0.5176190476190478,0.4580086580086581,0.5904761904761906,,40
Zambia,tau_b,shap,kernelshap_prob,cross,0.9161904761904763,0.9151515151515153,0.9174603174603175,,40
Zambia,tau_b,occlusion,lime,cross,0.2717938208167373,0.22649234615594438,0.32716228984659534,,40
Zambia,tau_b,occlusion,kernelshap_prob,cross,0.5719333369737679,0.5441487362804784,0.5946661920864593,,40
Zambia,tau_b,lime,kernelshap_prob,cross,0.5357142857142858,0.4753246753246753,0.6095238095238096,,40
Oviedo,tau_strict,shap,shap,self,0.7811696826645687,0.7500029975223305,0.8116736381508308,0.80822974036192,1271
Oviedo,tau_strict,occlusion,occlusion,self,0.8170769173129518,0.7891000233781902,0.8440899729587719,0.8222187254130605,1271
Oviedo,tau_strict,lime,lime,self,0.6922408302424039,0.659123306241983,0.7244662881197402,0.7393784421715185,1271
Oviedo,tau_strict,kernelshap_prob,kernelshap_prob,self,0.8072458881270841,0.7801263216834761,0.8325104602726139,0.8268843430369788,1271
Oviedo,tau_strict,shap,occlusion,cross,0.5163313476452737,0.4685029679501511,0.5596523792589582,0.6627694728560188,1271
Oviedo,tau_strict,shap,lime,cross,0.6299426773069574,0.5887755204558339,0.6624940783330877,0.6791974822974036,1271
Oviedo,tau_strict,shap,kernelshap_prob,cross,0.8890412498595034,0.8457766162618443,0.9233946274966072,0.9037450826121163,1271
Oviedo,tau_strict,occlusion,lime,cross,0.3449027762167023,0.2801634695713643,0.4079426104006256,0.5391974822974036,1271
Oviedo,tau_strict,occlusion,kernelshap_prob,cross,0.5394102881120978,0.501644739517243,0.576960791811922,0.6778599527930763,1271
Oviedo,tau_strict,lime,kernelshap_prob,cross,0.6201416207710465,0.5738197431377898,0.6549160486112253,0.6772305271439811,1271
Oviedo,tau_b,shap,shap,self,0.7811696826645687,0.7500029975223305,0.8116736381508308,,1271
Oviedo,tau_b,occlusion,occlusion,self,0.8144732870875017,0.7893019008421336,0.8390526167056603,,1271
Oviedo,tau_b,lime,lime,self,0.6922408302424039,0.659123306241983,0.7244662881197402,,1271
Oviedo,tau_b,kernelshap_prob,kernelshap_prob,self,0.8072458881270841,0.7801263216834761,0.8325104602726139,,1271
Oviedo,tau_b,shap,occlusion,cross,0.5308508834058674,0.4796073212808776,0.578372960383902,,1271
Oviedo,tau_b,shap,lime,cross,0.6299426773069574,0.5887755204558339,0.6624940783330877,,1271
Oviedo,tau_b,shap,kernelshap_prob,cross,0.8890412498595034,0.8457766162618443,0.9233946274966072,,1271
Oviedo,tau_b,occlusion,lime,cross,0.35553856411593154,0.2846063832102706,0.42155788466361444,,1271
Oviedo,tau_b,occlusion,kernelshap_prob,cross,0.555167831123733,0.5133924797124065,0.5957258714545005,,1271
Oviedo,tau_b,lime,kernelshap_prob,cross,0.6201416207710465,0.5738197431377898,0.6549160486112253,,1271
