regime,level,group,students,students_shown,coverage,mean_cross_tau,mean_cross_jaccard_top3,no_gate_cross_tau,lift
global,0.0,KU Leuven,1314,1313,0.9992389649923896,0.4283393174482284,0.5282559025133283,0.4281220555193158,0.00021726192891258211
global,0.0,OULAD,6829,6829,1.0,0.7303655976961,0.7669204861619564,0.7303655976961,0.0
global,0.0,Oviedo,1271,1271,1.0,0.6299426773069575,0.6791974822974036,0.6299426773069575,0.0
global,0.0,UKZN,2421,2420,0.9995869475423379,0.5705480053348408,0.6024462809917356,0.5703084052460929,0.0002396000887479044
global,0.0,Zambia,40,40,1.0,0.5176190476190476,0.5655,0.5176190476190476,0.0
global,0.0,ALL,11875,11873,0.9998315789473684,0.6529237992207876,0.696934220500295,0.65282506117741,9.873804337756642e-05
global,0.05,KU Leuven,1314,1310,0.9969558599695586,0.4287749909123955,0.5285954198473283,0.4281220555193158,0.000652935393079701
global,0.05,OULAD,6829,6829,1.0,0.7303655976961,0.7669204861619564,0.7303655976961,0.0
global,0.05,Oviedo,1271,1271,1.0,0.6299426773069575,0.6791974822974036,0.6299426773069575,0.0
global,0.05,UKZN,2421,2420,0.9995869475423379,0.5705480053348408,0.6024462809917356,0.5703084052460929,0.0002396000887479044
global,0.05,Zambia,40,40,1.0,0.5176190476190476,0.5655,0.5176190476190476,0.0
global,0.05,ALL,11875,11870,0.999578947368421,0.6530286421595725,0.6970143218197137,0.65282506117741,0.00020358098216244347
global,0.1,KU Leuven,1314,1308,0.9954337899543378,0.42905198776758413,0.5287920489296636,0.4281220555193158,0.000929932248268317
global,0.1,OULAD,6829,6829,1.0,0.7303655976961,0.7669204861619564,0.7303655976961,0.0
global,0.1,Oviedo,1271,1271,1.0,0.6299426773069575,0.6791974822974036,0.6299426773069575,0.0
global,0.1,UKZN,2421,2420,0.9995869475423379,0.5705480053348408,0.6024462809917356,0.5703084052460929,0.0002396000887479044
global,0.1,Zambia,40,40,1.0,0.5176190476190476,0.5655,0.5176190476190476,0.0
global,0.1,ALL,11875,11868,0.9994105263157895,0.6530969619429463,0.6970643747893496,0.65282506117741,0.0002719007655362926
global,0.15,KU Leuven,1314,1304,0.9923896499238964,0.4295793163891323,0.529217791411043,0.4281220555193158,0.0014572608698165124
global,0.15,OULAD,6829,6828,0.9998535656757944,0.7303846904901388,0.7669302870533099,0.7303655976961,1.9092794038777505e-05
global,0.15,Oviedo,1271,1270,0.999213217938631,0.6300712410948632,0.6791811023622047,0.6299426773069575,0.0001285637879057111
global,0.15,UKZN,2421,2418,0.9987608426270136,0.5707550561456423,0.6024896608767576,0.5703084052460929,0.0004466508995493168
global,0.15,Zambia,40,40,1.0,0.5176190476190476,0.5655,0.5176190476190476,0.0
global,0.15,ALL,11875,11860,0.9987368421052631,0.6533068346621835,0.6971922428330525,0.65282506117741,0.0004817734847735178
global,0.2,KU Leuven,1314,1301,0.9901065449010654,0.43019655210277813,0.5295618754803997,0.4281220555193158,0.0020744965834623152
global,0.2,OULAD,6829,6828,0.9998535656757944,0.7303846904901388,0.7669302870533099,0.7303655976961,1.9092794038777505e-05
global,0.2,Oviedo,1271,1270,0.999213217938631,0.6300712410948632,0.6791811023622047,0.6299426773069575,0.0001285637879057111
global,0.2,UKZN,2421,2415,0.9975216852540273,0.5710894260270811,0.6027246376811594,0.5703084052460929,0.0007810207809881842
global,0.2,Zambia,40,40,1.0,0.5176190476190476,0.5655,0.5176190476190476,0.0
global,0.2,ALL,11875,11854,0.9982315789473685,0.6535202111441725,0.6973443563354144,0.65282506117741,0.0006951499667624539
global,0.25,KU Leuven,1314,1291,0.982496194824962,0.4311976688429051,0.5298683191324555,0.4281220555193158,0.003075613323589299
global,0.25,OULAD,6829,6825,0.9994142627031776,0.7304587476016049,0.7669978021978022,0.7303655976961,9.314990550490787e-05
global,0.25,Oviedo,1271,1269,0.998426435877262,0.6300949378963564,0.6793223010244287,0.6299426773069575,0.0001522605893988782
global,0.25,UKZN,2421,2403,0.9925650557620818,0.5721657499745045,0.6037203495630462,0.5703084052460929,0.0018573447284115918
global,0.25,Zambia,40,40,1.0,0.5176190476190476,0.5655,0.5176190476190476,0.0
global,0.25,ALL,11875,11828,0.9960421052631578,0.6541483495215689,0.6978559350693272,0.65282506117741,0.001323288344158846
global,0.3,KU Leuven,1314,1280,0.974124809741248,0.43254464285714284,0.53028125,0.4281220555193158,0.004422587337827022
global,0.3,OULAD,6829,6824,0.999267828378972,0.730533690615754,0.7670457209847596,0.7303655976961,0.00016809291965402817
global,0.3,Oviedo,1271,1262,0.992918961447679,0.6316051618745756,0.6807131537242472,0.6299426773069575,0.0016624845676180833
global,0.3,UKZN,2421,2383,0.9843040066088393,0.5744449943210884,0.6050524548887956,0.5703084052460929,0.004136589074995478
global,0.3,Zambia,40,40,1.0,0.5176190476190476,0.5655,0.5176190476190476,0.0
global,0.3,ALL,11875,11789,0.9927578947368421,0.6553152892761624,0.6986682500636187,0.65282506117741,0.002490228098752434
global,0.35,KU Leuven,1314,1268,0.9649923896499238,0.43378398678083224,0.5313249211356467,0.4281220555193158,0.0056619312615164286
global,0.35,OULAD,6829,6818,0.9983892224337385,0.7308580927237425,0.7673129950132004,0.7303655976961,0.0004924950276424811
global,0.35,Oviedo,1271,1258,0.989771833202203,0.6324778560072678,0.681335453100159,0.6299426773069575,0.002535178700310281
global,0.35,UKZN,2421,2360,0.9748038000826105,0.5761600400045682,0.606093220338983,0.5703084052460929,0.005851634758475277
global,0.35,Zambia,40,40,1.0,0.5176190476190476,0.5655,0.5176190476190476,0.0
global,0.35,ALL,11875,11744,0.9889684210526316,0.6564312134367556,0.6995384877384198,0.65282506117741,0.003606152259345574
global,0.4,KU Leuven,1314,1249,0.9505327245053272,0.43621182660414043,0.5329543634907926,0.4281220555193158,0.008089771084824615
global,0.4,OULAD,6829,6804,0.9963391418948602,0.7313932980599648,0.7677248677248678,0.7303655976961,0.001027700363864792
global,0.4,Oviedo,1271,1248,0.981904012588513,0.6341880341880343,0.6827083333333334,0.6299426773069575,0.004245356881076745
global,0.4,UKZN,2421,2325,0.9603469640644362,0.5788846327183452,0.6080774193548387,0.5703084052460929,0.008576227472252285
global,0.4,Zambia,40,40,1.0,0.5176190476190476,0.5655,0.5176190476190476,0.0
global,0.4,ALL,11875,11666,0.9824,0.6582639097437127,0.7009840562317847,0.65282506117741,0.005438848566302723
global,0.45,KU Leuven,1314,1215,0.9246575342465754,0.4376484420928865,0.5330864197530865,0.4281220555193158,0.009526386573570689
global,0.45,OULAD,6829,6781,0.9929711524381315,0.7320580613900184,0.7681551393599764,0.7303655976961,0.0016924636939184001
global,0.45,Oviedo,1271,1224,0.963021243115657,0.6376283846872083,0.684607843137255,0.6299426773069575,0.007685707380250761
global,0.45,UKZN,2421,2280,0.9417596034696406,0.5818482460738018,0.6105087719298246,0.5703084052460929,0.01153984082770887
global,0.45,Zambia,40,40,1.0,0.5176190476190476,0.5655,0.5176190476190476,0.0
global,0.45,ALL,11875,11540,0.9717894736842105,0.6606243047867196,0.7026949740034661,0.65282506117741,0.007799243609309614
global,0.5,KU Leuven,1314,1187,0.9033485540334856,0.43999679062863567,0.5339679865206403,0.4281220555193158,0.011874735109319856
global,0.5,OULAD,6829,6760,0.989896031629814,0.7326458157227389,0.7685355029585799,0.7303655976961,0.002280218026638914
global,0.5,Oviedo,1271,1206,0.9488591660110149,0.6403221985311538,0.6863847429519071,0.6299426773069575,0.010379521224196275
global,0.5,UKZN,2421,2234,0.922759190417183,0.5851919261204253,0.61319606087735,0.5703084052460929,0.014883520874332312
global,0.5,Zambia,40,40,1.0,0.5176190476190476,0.5655,0.5176190476190476,0.0
global,0.5,ALL,11875,11427,0.9622736842105263,0.6629223769185498,0.7044193576616784,0.65282506117741,0.010097315741139812
global,0.55,KU Leuven,1314,1145,0.8713850837138508,0.4453898939488459,0.537292576419214,0.4281220555193158,0.017267838429530113
global,0.55,OULAD,6829,6703,0.9815492751500952,0.7343108629398352,0.769783678949724,0.7303655976961,0.003945265243735174
global,0.55,Oviedo,1271,1153,0.9071597167584579,0.6465865444182877,0.6915698178664353,0.6299426773069575,0.016643867111330146
global,0.55,UKZN,2421,2124,0.8773234200743495,0.5922477230103971,0.6195386064030132,0.5703084052460929,0.021939317764304134
global,0.55,Zambia,40,37,0.925,0.5155727155727156,0.5572972972972974,0.5176190476190476,-0.002046332046332089
global,0.55,ALL,11875,11162,0.9399578947368421,0.6678535909981816,0.7085611897509407,0.65282506117741,0.01502852982077163
global,0.6,KU Leuven,1314,1112,0.8462709284627092,0.4471223021582734,0.5382913669064748,0.4281220555193158,0.019000246638957607
global,0.6,OULAD,6829,6619,0.9692487919168253,0.7366369542226923,0.7713491463967367,0.7303655976961,0.0062713565265922755
global,0.6,Oviedo,1271,1125,0.8851298190401259,0.6498285714285715,0.6947733333333334,0.6299426773069575,0.01988589412161401
global,0.6,UKZN,2421,2052,0.8475836431226765,0.5963637978933151,0.6228167641325536,0.5703084052460929,0.02605539264722212
global,0.6,Zambia,40,35,0.875,0.5189115646258504,0.5577142857142857,0.5176190476190476,0.0012925170068027736
global,0.6,ALL,11875,10943,0.9215157894736842,0.6712928411675163,0.7112583386639862,0.65282506117741,0.018467779990106292
global,0.65,KU Leuven,1314,1049,0.7983257229832572,0.4525398338553725,0.5417159199237369,0.4281220555193158,0.024417778336056684
global,0.65,OULAD,6829,6441,0.9431834822082296,0.7414805450203682,0.7750349324639031,0.7303655976961,0.01111494732426821
global,0.65,Oviedo,1271,1041,0.8190401258851299,0.6585151639906683,0.7021902017291066,0.6299426773069575,0.028572486683710818
global,0.65,UKZN,2421,1904,0.7864518793886823,0.604615120404843,0.628623949579832,0.5703084052460929,0.034306715158750056
global,0.65,Zambia,40,32,0.8,0.5202380952380953,0.5575,0.5176190476190476,0.002619047619047632
global,0.65,ALL,11875,10467,0.8814315789473685,0.6786987264930927,0.7171090092672208,0.65282506117741,0.025873665315682692
global,0.7,KU Leuven,1314,949,0.7222222222222222,0.46343519494204427,0.5491464699683878,0.4281220555193158,0.03531313942272846
global,0.7,OULAD,6829,6143,0.8995460535949626,0.7482353123570771,0.7796744261761355,0.7303655976961,0.017869714660977087
global,0.7,Oviedo,1271,894,0.7033831628638867,0.6753382337274956,0.7153691275167785,0.6299426773069575,0.04539555642053805
global,0.7,UKZN,2421,1646,0.6798843453118546,0.6178191243719756,0.6386512758201701,0.5703084052460929,0.04751071912588267
global,0.7,Zambia,40,27,0.675,0.5118165784832451,0.5296296296296297,0.5176190476190476,-0.005802469135802513
global,0.7,ALL,11875,9659,0.8133894736842106,0.6906213097729811,0.7263422714566726,0.65282506117741,0.03779624859557107
global,0.75,KU Leuven,1314,871,0.662861491628615,0.4718058061341644,0.5533869115958668,0.4281220555193158,0.04368375061484858
global,0.75,OULAD,6829,5849,0.856494362278518,0.7544130457790913,0.7841887502137118,0.7303655976961,0.024047448082991307
global,0.75,Oviedo,1271,802,0.6309992132179386,0.6827455171594823,0.7229426433915211,0.6299426773069575,0.05280283985252476
global,0.75,UKZN,2421,1444,0.5964477488641058,0.6286926719713057,0.6464127423822714,0.5703084052460929,0.0583842667252128
global,0.75,Zambia,40,23,0.575,0.5047619047619049,0.5173913043478261,0.5176190476190476,-0.01285714285714279
global,0.75,ALL,11875,8989,0.7569684210526316,0.6998006907111755,0.7335454444320837,0.65282506117741,0.04697562953376544
global,0.8,KU Leuven,1314,716,0.5449010654490106,0.4818834796488428,0.5645251396648044,0.4281220555193158,0.053761424129527
global,0.8,OULAD,6829,5187,0.759554839654415,0.7685091850505386,0.7938924233661075,0.7303655976961,0.03814358735443857
global,0.8,Oviedo,1271,656,0.5161290322580645,0.6923054587688735,0.7280182926829268,0.6299426773069575,0.062362781461915984
global,0.8,UKZN,2421,1125,0.4646840148698885,0.6495699006254284,0.6615644444444444,0.5703084052460929,0.07926149537933547
global,0.8,Zambia,40,16,0.4,0.4845238095238096,0.48625,0.5176190476190476,-0.033095238095238066
global,0.8,ALL,11875,7700,0.6484210526315789,0.7173969629083226,0.7469792207792207,0.65282506117741,0.06457190173091254
global,0.85,KU Leuven,1314,506,0.3850837138508371,0.4959156785243742,0.578498023715415,0.4281220555193158,0.06779362300505837
global,0.85,OULAD,6829,4396,0.6437252892077903,0.7857879457515491,0.8011282984531393,0.7303655976961,0.0554223480554491
global,0.85,Oviedo,1271,469,0.3690007867820614,0.7084374048126714,0.7392750533049041,0.6299426773069575,0.07849472750571385
global,0.85,UKZN,2421,770,0.3180503923998348,0.6694867037724181,0.673116883116883,0.5703084052460929,0.0991782985263252
global,0.85,Zambia,40,10,0.25,0.4723809523809524,0.45,0.5176190476190476,-0.045238095238095244
global,0.85,ALL,11875,6151,0.5179789473684211,0.7409759156467011,0.761502194765079,0.65282506117741,0.08815085446929105
global,0.9,KU Leuven,1314,360,0.273972602739726,0.5128042328042328,0.5907777777777778,0.4281220555193158,0.084682177284917
global,0.9,OULAD,6829,3719,0.5445892517206034,0.7992650354037825,0.8058456574347943,0.7303655976961,0.06889943770768248
global,0.9,Oviedo,1271,337,0.26514555468135326,0.7206160802599972,0.7384569732937686,0.6299426773069575,0.09067340295303972
global,0.9,UKZN,2421,530,0.21891780256092525,0.6948427672955976,0.6935094339622642,0.5703084052460929,0.12453436204950463
global,0.9,Zambia,40,5,0.125,0.4514285714285714,0.44800000000000006,0.5176190476190476,-0.06619047619047624
global,0.9,ALL,11875,4951,0.4169263157894737,0.7615527406680711,0.7732336901636032,0.65282506117741,0.10872767949066109
global,0.95,KU Leuven,1314,159,0.12100456621004566,0.530637915543576,0.6161006289308175,0.4281220555193158,0.10251586002426016
global,0.95,OULAD,6829,2097,0.3070727778591302,0.8275995185866432,0.8176251788268956,0.7303655976961,0.09723392089054317
global,0.95,Oviedo,1271,170,0.13375295043273014,0.7412885154061626,0.737764705882353,0.6299426773069575,0.11134583809920506
global,0.95,UKZN,2421,189,0.07806691449814127,0.7589317208364829,0.7550264550264549,0.5703084052460929,0.18862331559038992
global,0.95,Zambia,40,1,0.025,0.1238095238095238,0.26,0.5176190476190476,-0.39380952380952383
global,0.95,ALL,11875,2616,0.22029473684210527,0.7987112276103102,0.7954510703363915,0.65282506117741,0.1458861664329002
global,1.0,KU Leuven,1314,75,0.05707762557077625,0.5217777777777778,0.6376000000000001,0.4281220555193158,0.09365572225846197
global,1.0,OULAD,6829,1135,0.16620295797334894,0.839093769666457,0.8326167400881057,0.7303655976961,0.108728171970357
global,1.0,Oviedo,1271,78,0.06136900078678206,0.7811965811965812,0.7466666666666667,0.6299426773069575,0.15125390388962368
global,1.0,UKZN,2421,86,0.035522511358942584,0.7747508305647841,0.7632558139534884,0.5703084052460929,0.20444242531869117
global,1.0,Zambia,40,0,0.0,,,0.5176190476190476,
global,1.0,ALL,11875,1374,0.11570526315789474,0.8144590004852014,0.8127510917030568,0.65282506117741,0.16163393930779135
cohort_calibrated,1.0,KU Leuven,1314,1314,1.0,0.4281220555193158,0.5281126331811263,0.4281220555193158,0.0
cohort_calibrated,1.0,OULAD,6829,6829,1.0,0.7303655976961,0.7669204861619564,0.7303655976961,0.0
cohort_calibrated,1.0,Oviedo,1271,1271,1.0,0.6299426773069575,0.6791974822974036,0.6299426773069575,0.0
cohort_calibrated,1.0,UKZN,2421,2421,1.0,0.5703084052460929,0.6023048327137547,0.5703084052460929,0.0
cohort_calibrated,1.0,Zambia,40,40,1.0,0.5176190476190476,0.5655,0.5176190476190476,0.0
cohort_calibrated,1.0,ALL,11875,11875,1.0,0.65282506117741,0.6968673684210527,0.65282506117741,0.0
cohort_calibrated,0.95,KU Leuven,1314,1251,0.952054794520548,0.435605801073427,0.5317665867306155,0.4281220555193158,0.0074837455541111875
cohort_calibrated,0.95,OULAD,6829,6490,0.9503587640943038,0.7394379631667768,0.7727673343605548,0.7303655976961,0.009072365470676802
cohort_calibrated,0.95,Oviedo,1271,1218,0.9583005507474429,0.6370318242239424,0.6841871921182267,0.6299426773069575,0.007089146916984923
cohort_calibrated,0.95,UKZN,2421,2307,0.952912019826518,0.5769168696230189,0.6057390550498483,0.5703084052460929,0.006608464376925971
cohort_calibrated,0.95,Zambia,40,39,0.975,0.518925518925519,0.562051282051282,0.5176190476190476,0.001306471306471324
cohort_calibrated,0.95,ALL,11875,11305,0.952,0.6608567283023795,0.7017425917735516,0.65282506117741,0.0080316671249695
cohort_calibrated,0.9,KU Leuven,1314,1185,0.9018264840182648,0.441093027928471,0.5355611814345992,0.4281220555193158,0.01297097240915518
cohort_calibrated,0.9,OULAD,6829,6148,0.9002782252159907,0.7468445022771634,0.7771112556929083,0.7303655976961,0.01647890458106338
cohort_calibrated,0.9,Oviedo,1271,1155,0.9087332808811959,0.6430591630591631,0.6878095238095238,0.6299426773069575,0.013116485752205587
cohort_calibrated,0.9,UKZN,2421,2187,0.9033457249070632,0.5820319838937743,0.6083676268861454,0.5703084052460929,0.011723578647681365
cohort_calibrated,0.9,Zambia,40,37,0.925,0.5181467181467182,0.5599999999999999,0.5176190476190476,0.000527670527670554
cohort_calibrated,0.9,ALL,11875,10712,0.9020631578947368,0.6673920788625546,0.7055601194921585,0.65282506117741,0.014567017685144568
cohort_calibrated,0.85,KU Leuven,1314,1119,0.8515981735159818,0.44777224562747353,0.5388739946380697,0.4281220555193158,0.019650190108157717
cohort_calibrated,0.85,OULAD,6829,5807,0.8503441206618831,0.7534010676769416,0.7811296710866197,0.7303655976961,0.023035469980841605
cohort_calibrated,0.85,Oviedo,1271,1089,0.8568056648308419,0.6478551751279025,0.6908539944903581,0.6299426773069575,0.01791249782094495
cohort_calibrated,0.85,UKZN,2421,2065,0.8529533250722842,0.5862431627771199,0.6098886198547215,0.5703084052460929,0.01593475753102691
cohort_calibrated,0.85,Zambia,40,35,0.875,0.5248979591836735,0.5622857142857143,0.5176190476190476,0.007278911564625901
cohort_calibrated,0.85,ALL,11875,10115,0.8517894736842105,0.6733104288954632,0.7088937221947603,0.65282506117741,0.020485367718053205
cohort_calibrated,0.8,KU Leuven,1314,1053,0.8013698630136986,0.4523221634332746,0.5414814814814815,0.4281220555193158,0.024200107913958768
cohort_calibrated,0.8,OULAD,6829,5465,0.80026358178357,0.7597246547292295,0.7834583714547119,0.7303655976961,0.029359057033129465
cohort_calibrated,0.8,Oviedo,1271,1025,0.8064516129032258,0.6527200929152149,0.693619512195122,0.6299426773069575,0.022777415608257412
cohort_calibrated,0.8,UKZN,2421,1943,0.8025609252375052,0.5909079586588181,0.6112815234173958,0.5703084052460929,0.020599553412725125
cohort_calibrated,0.8,Zambia,40,33,0.825,0.5243867243867245,0.56,0.5176190476190476,0.006767676767676867
cohort_calibrated,0.8,ALL,11875,9519,0.8016,0.6789229432721313,0.7110978043912176,0.65282506117741,0.026097882094721303
cohort_calibrated,0.75,KU Leuven,1314,988,0.7519025875190258,0.45841526894158474,0.5445344129554656,0.4281220555193158,0.030293213422268928
cohort_calibrated,0.75,OULAD,6829,5123,0.750183042905257,0.7663943188050157,0.7863556509857506,0.7303655976961,0.03602872110891575
cohort_calibrated,0.75,Oviedo,1271,960,0.7553107789142408,0.6591865079365079,0.6976875,0.6299426773069575,0.029243830629550382
cohort_calibrated,0.75,UKZN,2421,1822,0.7525815778603883,0.5936424727129079,0.6125795828759604,0.5703084052460929,0.02333406746681499
cohort_calibrated,0.75,Zambia,40,31,0.775,0.5250384024577573,0.5548387096774193,0.5176190476190476,0.007419354838709702
cohort_calibrated,0.75,ALL,11875,8924,0.7514947368421052,0.6846553344162413,0.7137606454504706,0.65282506117741,0.03183027323883125
cohort_calibrated,0.7,KU Leuven,1314,922,0.7016742770167428,0.46429087904142136,0.5493058568329717,0.4281220555193158,0.03616882352210554
cohort_calibrated,0.7,OULAD,6829,4783,0.7003953726753551,0.7726631024561195,0.7884883964039306,0.7303655976961,0.04229750476001948
cohort_calibrated,0.7,Oviedo,1271,900,0.7081038552321007,0.6634920634920636,0.7014444444444444,0.6299426773069575,0.033549386185106056
cohort_calibrated,0.7,UKZN,2421,1702,0.7030152829409335,0.5977345910853792,0.6138777908343125,0.5703084052460929,0.027426185839286243
cohort_calibrated,0.7,Zambia,40,29,0.725,0.5172413793103449,0.5482758620689655,0.5176190476190476,-0.00037766830870278323
cohort_calibrated,0.7,ALL,11875,8336,0.701978947368421,0.690164460255996,0.7161492322456814,0.65282506117741,0.037339399078585966
cohort_calibrated,0.65,KU Leuven,1314,857,0.65220700152207,0.4660665666499973,0.5525087514585765,0.4281220555193158,0.03794451113068148
cohort_calibrated,0.65,OULAD,6829,4442,0.6504612681212476,0.7782980639351644,0.789968482665466,0.7303655976961,0.04793246623906444
cohort_calibrated,0.65,Oviedo,1271,834,0.6561762391817466,0.6681055155875301,0.7039808153477218,0.6299426773069575,0.03816283828057254
cohort_calibrated,0.65,UKZN,2421,1581,0.6530359355638166,0.6016906410730773,0.6152941176470588,0.5703084052460929,0.031382235826984406
cohort_calibrated,0.65,Zambia,40,27,0.675,0.5174603174603175,0.5444444444444444,0.5176190476190476,-0.00015873015873013596
cohort_calibrated,0.65,ALL,11875,7741,0.6518736842105263,0.6948796511725891,0.7178839943159798,0.65282506117741,0.04205458999517908
cohort_calibrated,0.6,KU Leuven,1314,791,0.601978691019787,0.47263861296731086,0.556890012642225,0.4281220555193158,0.04451655744799504
cohort_calibrated,0.6,OULAD,6829,4100,0.6003807292429345,0.7828710801393729,0.7910195121951219,0.7303655976961,0.05250548244327291
cohort_calibrated,0.6,Oviedo,1271,770,0.6058221872541306,0.6727767470624614,0.707012987012987,0.6299426773069575,0.042834069755503856
cohort_calibrated,0.6,UKZN,2421,1459,0.6026435357290376,0.6049173219769827,0.6167100753941055,0.5703084052460929,0.03460891673088973
cohort_calibrated,0.6,Zambia,40,25,0.625,0.5192380952380953,0.54,0.5176190476190476,0.001619047619047631
cohort_calibrated,0.6,ALL,11875,7145,0.6016842105263158,0.6994012584761423,0.7195745276417075,0.65282506117741,0.0465761972987323
cohort_calibrated,0.55,KU Leuven,1314,726,0.5525114155251142,0.47907647907647916,0.5626721763085399,0.4281220555193158,0.05095442355716334
cohort_calibrated,0.55,OULAD,6829,3759,0.5504466246888271,0.7884138385335513,0.792072359670125,0.7303655976961,0.058048240837451304
cohort_calibrated,0.55,Oviedo,1271,705,0.5546813532651456,0.6764606551840595,0.708,0.6299426773069575,0.04651797787710199
cohort_calibrated,0.55,UKZN,2421,1339,0.5530772408095829,0.609477360558054,0.6176848394324123,0.5703084052460929,0.03916895531196107
cohort_calibrated,0.55,Zambia,40,23,0.575,0.518840579710145,0.5382608695652175,0.5176190476190476,0.0012215320910973215
cohort_calibrated,0.55,ALL,11875,6552,0.5517473684210527,0.7045765298965923,0.7210775335775336,0.65282506117741,0.051751468719182236
cohort_calibrated,0.5,KU Leuven,1314,659,0.5015220700152208,0.4861189392297131,0.5699544764795145,0.4281220555193158,0.057996883710397296
cohort_calibrated,0.5,OULAD,6829,3415,0.5000732171621028,0.7950498501010947,0.7958945827232796,0.7303655976961,0.06468425240499476
cohort_calibrated,0.5,Oviedo,1271,641,0.5043273013375295,0.6796671866874675,0.7109828393135725,0.6299426773069575,0.049724509380509985
cohort_calibrated,0.5,UKZN,2421,1215,0.5018587360594795,0.6121267833543724,0.6179259259259259,0.5703084052460929,0.041818378108279486
cohort_calibrated,0.5,Zambia,40,20,0.5,0.5219047619047619,0.536,0.5176190476190476,0.004285714285714226
cohort_calibrated,0.5,ALL,11875,5950,0.5010526315789474,0.7101321718870492,0.72450756302521,0.65282506117741,0.05730711070963923
cohort_calibrated,0.45,KU Leuven,1314,594,0.4520547945205479,0.4921276254609588,0.575959595959596,0.4281220555193158,0.06400556994164297
cohort_calibrated,0.45,OULAD,6829,3075,0.4502855469322009,0.8003623693379791,0.7995967479674797,0.7303655976961,0.06999677164187912
cohort_calibrated,0.45,Oviedo,1271,584,0.45948072383949645,0.6812133072407046,0.7075684931506849,0.6299426773069575,0.05127062993374709
cohort_calibrated,0.45,UKZN,2421,1097,0.453118546055349,0.6156416136233757,0.6177210574293528,0.5703084052460929,0.04533320837728272
cohort_calibrated,0.45,Zambia,40,19,0.475,0.5298245614035088,0.5378947368421053,0.5176190476190476,0.012205513784461108
cohort_calibrated,0.45,ALL,11875,5369,0.4521263157894737,0.7146008909439703,0.726757310486124,0.65282506117741,0.061775829766560264
cohort_calibrated,0.4,KU Leuven,1314,528,0.4018264840182648,0.4977633477633478,0.579659090909091,0.4281220555193158,0.06964129224403198
cohort_calibrated,0.4,OULAD,6829,2734,0.40035144237809345,0.802905214755983,0.7999999999999999,0.7303655976961,0.07253961705988299
cohort_calibrated,0.4,Oviedo,1271,517,0.4067663257277734,0.6819379202357926,0.7080464216634429,0.6299426773069575,0.05199524292883506
cohort_calibrated,0.4,UKZN,2421,975,0.40272614622057,0.6182435093060662,0.6197128205128205,0.5703084052460929,0.047935104059973255
cohort_calibrated,0.4,Zambia,40,17,0.425,0.5182072829131653,0.5247058823529411,0.5176190476190476,0.0005882352941176672
cohort_calibrated,0.4,ALL,11875,4771,0.40176842105263155,0.7172753625878743,0.7278264514776777,0.65282506117741,0.06445030141046426
cohort_calibrated,0.35,KU Leuven,1314,463,0.3523592085235921,0.5053378586855909,0.5867818574514039,0.4281220555193158,0.07721580316627508
cohort_calibrated,0.35,OULAD,6829,2392,0.35027090349978035,0.8068402611880873,0.8006020066889632,0.7303655976961,0.07647466349198728
cohort_calibrated,0.35,Oviedo,1271,455,0.35798583792289534,0.6899215070643643,0.7096263736263736,0.6299426773069575,0.05997882975740676
cohort_calibrated,0.35,UKZN,2421,855,0.35315985130111527,0.6256828656664832,0.6210994152046784,0.5703084052460929,0.05537446042039029
cohort_calibrated,0.35,Zambia,40,15,0.375,0.5123809523809524,0.5226666666666666,0.5176190476190476,-0.005238095238095264
cohort_calibrated,0.35,ALL,11875,4180,0.352,0.7226057855210948,0.7293014354066986,0.65282506117741,0.06978072434368476
cohort_calibrated,0.3,KU Leuven,1314,398,0.3028919330289193,0.5143814309643455,0.5931155778894472,0.4281220555193158,0.0862593754450297
cohort_calibrated,0.3,OULAD,6829,2051,0.3003367989456729,0.8067841471059414,0.8023890784982936,0.7303655976961,0.07641854940984139
cohort_calibrated,0.3,Oviedo,1271,389,0.3060582218725413,0.6907332598849308,0.7067866323907455,0.6299426773069575,0.06079058257797332
cohort_calibrated,0.3,UKZN,2421,734,0.30318050392399837,0.6301334231774929,0.6247683923705721,0.5703084052460929,0.05982501793139994
cohort_calibrated,0.3,Zambia,40,13,0.325,0.4989010989010989,0.5076923076923077,0.5176190476190476,-0.01871794871794874
cohort_calibrated,0.3,ALL,11875,3585,0.30189473684210527,0.7244454617102727,0.731347280334728,0.65282506117741,0.07162040053286267
cohort_calibrated,0.25,KU Leuven,1314,330,0.2511415525114155,0.5231746031746032,0.6043636363636363,0.4281220555193158,0.09505254765528737
cohort_calibrated,0.25,OULAD,6829,1708,0.2501098257431542,0.8038585926173749,0.8017096018735362,0.7303655976961,0.07349299492127492
cohort_calibrated,0.25,Oviedo,1271,324,0.2549173878835563,0.7005878894767784,0.707716049382716,0.6299426773069575,0.07064521216982089
cohort_calibrated,0.25,UKZN,2421,611,0.2523750516315572,0.6317581562057318,0.6247135842880523,0.5703084052460929,0.061449750959638894
cohort_calibrated,0.25,Zambia,40,11,0.275,0.4822510822510823,0.49090909090909085,0.5176190476190476,-0.035367965367965326
cohort_calibrated,0.25,ALL,11875,2984,0.2512842105263158,0.7251801497235375,0.7322922252010723,0.65282506117741,0.07235508854612749
cohort_calibrated,0.2,KU Leuven,1314,266,0.2024353120243531,0.530827067669173,0.6088721804511279,0.4281220555193158,0.10270501214985717
cohort_calibrated,0.2,OULAD,6829,1369,0.2004685898374579,0.8023444293714566,0.8032724616508401,0.7303655976961,0.07197883167535657
cohort_calibrated,0.2,Oviedo,1271,262,0.20613690007867821,0.7000363504180298,0.6994656488549618,0.6299426773069575,0.07009367311107229
cohort_calibrated,0.2,UKZN,2421,491,0.20280875671210244,0.6389379208879591,0.6320162932790224,0.5703084052460929,0.06862951564186615
cohort_calibrated,0.2,Zambia,40,9,0.225,0.5174603174603175,0.5044444444444445,0.5176190476190476,-0.00015873015873013596
cohort_calibrated,0.2,ALL,11875,2397,0.20185263157894737,0.7264892405641129,0.734151022110972,0.65282506117741,0.07366417938670289
cohort_calibrated,0.15,KU Leuven,1314,201,0.15296803652968036,0.5381189291637053,0.6200995024875622,0.4281220555193158,0.10999687364438948
cohort_calibrated,0.15,OULAD,6829,1027,0.15038805095914481,0.798803727917652,0.7985783836416748,0.7303655976961,0.06843813022155198
cohort_calibrated,0.15,Oviedo,1271,200,0.15735641227380015,0.6975238095238097,0.6914,0.6299426773069575,0.06758113221685214
cohort_calibrated,0.15,UKZN,2421,371,0.15324246179264767,0.6416235274388071,0.6364959568733153,0.5703084052460929,0.07131512219271419
cohort_calibrated,0.15,Zambia,40,7,0.175,0.4993197278911565,0.49142857142857144,0.5176190476190476,-0.018299319727891172
cohort_calibrated,0.15,ALL,11875,1806,0.1520842105263158,0.7251249512808035,0.7323588039867109,0.65282506117741,0.07229989010339344
cohort_calibrated,0.1,KU Leuven,1314,135,0.10273972602739725,0.5263492063492065,0.6192592592592592,0.4281220555193158,0.09822715082989064
cohort_calibrated,0.1,OULAD,6829,686,0.10045394640503734,0.7984173261141192,0.8034110787172012,0.7303655976961,0.06805172841801921
cohort_calibrated,0.1,Oviedo,1271,134,0.1054287962234461,0.7063255152807393,0.6877611940298507,0.6299426773069575,0.07638283797378176
cohort_calibrated,0.1,UKZN,2421,249,0.10285006195786865,0.653853509275196,0.652289156626506,0.5703084052460929,0.08354510402910309
cohort_calibrated,0.1,Zambia,40,5,0.125,0.4590476190476191,0.44800000000000006,0.5176190476190476,-0.05857142857142855
cohort_calibrated,0.1,ALL,11875,1209,0.10181052631578948,0.7266532750403719,0.7374358974358974,0.65282506117741,0.0738282138629619
cohort_calibrated,0.05,KU Leuven,1314,69,0.05251141552511415,0.5276742581090408,0.6202898550724637,0.4281220555193158,0.09955220258972497
cohort_calibrated,0.05,OULAD,6829,344,0.05037340752672426,0.7959579180509414,0.7961046511627907,0.7303655976961,0.06559232035484142
cohort_calibrated,0.05,Oviedo,1271,71,0.05586152635719906,0.7158953722334005,0.6890140845070423,0.6299426773069575,0.08595269492644297
cohort_calibrated,0.05,UKZN,2421,129,0.05328376703841388,0.6558139534883721,0.6604651162790698,0.5703084052460929,0.08550554824227918
cohort_calibrated,0.05,Zambia,40,3,0.075,0.4158730158730159,0.4533333333333333,0.5176190476190476,-0.10174603174603175
cohort_calibrated,0.05,ALL,11875,616,0.051873684210526315,0.7254792826221398,0.7339935064935066,0.65282506117741,0.07265422144472977
oracle,1.0,KU Leuven,1314,1314,1.0,0.4281220555193158,0.5281126331811263,0.4281220555193158,0.0
oracle,1.0,OULAD,6829,6829,1.0,0.7303655976961,0.7669204861619564,0.7303655976961,0.0
oracle,1.0,Oviedo,1271,1271,1.0,0.6299426773069575,0.6791974822974036,0.6299426773069575,0.0
oracle,1.0,UKZN,2421,2421,1.0,0.5703084052460929,0.6023048327137547,0.5703084052460929,0.0
oracle,1.0,Zambia,40,40,1.0,0.5176190476190476,0.5655,0.5176190476190476,0.0
oracle,1.0,ALL,11875,11875,1.0,0.65282506117741,0.6968673684210527,0.65282506117741,0.0
oracle,0.95,KU Leuven,1314,1251,0.952054794520548,0.4469034296372426,0.5403357314148681,0.4281220555193158,0.018781374117926797
oracle,0.95,OULAD,6829,6490,0.9503587640943038,0.7461295766380514,0.7777873651771957,0.7303655976961,0.015763978941951362
oracle,0.95,Oviedo,1271,1218,0.9583005507474429,0.6432871999374463,0.689983579638752,0.6299426773069575,0.013344522630488798
oracle,0.95,UKZN,2421,2307,0.952912019826518,0.5842508357785502,0.6103684438664932,0.5703084052460929,0.01394243053245725
oracle,0.95,Zambia,40,39,0.975,0.5277167277167277,0.5733333333333334,0.5176190476190476,0.010097680097680084
oracle,0.95,ALL,11875,11305,0.952,0.6681493660241504,0.7071808934099956,0.65282506117741,0.01532430484674041
oracle,0.9,KU Leuven,1314,1185,0.9018264840182648,0.4623909985935303,0.5517130801687763,0.4281220555193158,0.034268943074214464
oracle,0.9,OULAD,6829,6148,0.9002782252159907,0.7586454751061128,0.7855302537410539,0.7303655976961,0.02827987741001281
oracle,0.9,Oviedo,1271,1155,0.9087332808811959,0.6560379303236447,0.6998961038961039,0.6299426773069575,0.026095253016687137
oracle,0.9,UKZN,2421,2187,0.9033457249070632,0.5963028336482553,0.6183081847279378,0.5703084052460929,0.025994428402162373
oracle,0.9,Zambia,40,37,0.925,0.5397683397683398,0.5805405405405406,0.5176190476190476,0.022149292149292177
oracle,0.9,ALL,11875,10712,0.9020631578947368,0.6809088171741681,0.7155825242718445,0.65282506117741,0.028083755996758053
oracle,0.85,KU Leuven,1314,1119,0.8515981735159818,0.4759777011787735,0.5628596961572833,0.4281220555193158,0.04785564565945771
oracle,0.85,OULAD,6829,5807,0.8503441206618831,0.7699853214921236,0.7934561735836061,0.7303655976961,0.03961972379602363
oracle,0.85,Oviedo,1271,1089,0.8568056648308419,0.6676374130919586,0.7087786960514233,0.6299426773069575,0.03769473578500104
oracle,0.85,UKZN,2421,2065,0.8529533250722842,0.6075498729612226,0.6245714285714286,0.5703084052460929,0.037241467715129706
oracle,0.85,Zambia,40,35,0.875,0.548843537414966,0.5874285714285714,0.5176190476190476,0.03122448979591841
oracle,0.85,ALL,11875,10115,0.8517894736842105,0.6925141832778449,0.7236381611468117,0.65282506117741,0.03968912210043485
oracle,0.8,KU Leuven,1314,1053,0.8013698630136986,0.48855424410979975,0.5720037986704654,0.4281220555193158,0.06043218859048394
oracle,0.8,OULAD,6829,5465,0.80026358178357,0.7806090707097112,0.8003915827996341,0.7303655976961,0.050243473013611206
oracle,0.8,Oviedo,1271,1025,0.8064516129032258,0.6782346109175378,0.7168585365853658,0.6299426773069575,0.04829193361058026
oracle,0.8,UKZN,2421,1943,0.8025609252375052,0.6178798336105245,0.6298198661863098,0.5703084052460929,0.04757142836443151
oracle,0.8,Zambia,40,33,0.825,0.557864357864358,0.5981818181818181,0.5176190476190476,0.040245310245310306
oracle,0.8,ALL,11875,9519,0.8016,0.7032899156614603,0.7306145603529782,0.65282506117741,0.05046485448405025
oracle,0.75,KU Leuven,1314,988,0.7519025875190258,0.5001927896664738,0.5814574898785425,0.4281220555193158,0.07207073414715803
oracle,0.75,OULAD,6829,5123,0.750183042905257,0.7907476088229554,0.80737068124146,0.7303655976961,0.06038201112685537
oracle,0.75,Oviedo,1271,960,0.7553107789142408,0.688531746031746,0.7242708333333333,0.6299426773069575,0.05858906872478853
oracle,0.75,UKZN,2421,1822,0.7525815778603883,0.6281010579779063,0.6360592755214051,0.5703084052460929,0.05779265273181333
oracle,0.75,Zambia,40,31,0.775,0.566820276497696,0.607741935483871,0.5176190476190476,0.049201228878648307
oracle,0.75,ALL,11875,8924,0.7514947368421052,0.713598443364873,0.7377498879426266,0.65282506117741,0.060773382187462976
oracle,0.7,KU Leuven,1314,922,0.7016742770167428,0.5116207003408739,0.5914967462039046,0.4281220555193158,0.08349864482155811
oracle,0.7,OULAD,6829,4783,0.7003953726753551,0.8004758917993291,0.8128580388877273,0.7303655976961,0.07011029410322911
oracle,0.7,Oviedo,1271,900,0.7081038552321007,0.6981164021164022,0.7317111111111111,0.6299426773069575,0.06817372480944472
oracle,0.7,UKZN,2421,1702,0.7030152829409335,0.6380693376406568,0.6422444183313748,0.5703084052460929,0.06776093239456382
oracle,0.7,Zambia,40,29,0.725,0.5756978653530378,0.6082758620689656,0.5176190476190476,0.05807881773399015
oracle,0.7,ALL,11875,8336,0.701978947368421,0.7235346075881568,0.7440666986564299,0.65282506117741,0.07070954641074678
oracle,0.65,KU Leuven,1314,857,0.65220700152207,0.5219647719064289,0.5995099183197199,0.4281220555193158,0.09384271638711306
oracle,0.65,OULAD,6829,4442,0.6504612681212476,0.8099569048691067,0.819900945520036,0.7303655976961,0.07959130717300666
oracle,0.65,Oviedo,1271,834,0.6561762391817466,0.7081877355258651,0.7401438848920863,0.6299426773069575,0.07824505821890759
oracle,0.65,UKZN,2421,1581,0.6530359355638166,0.6478095869248751,0.6481214421252373,0.5703084052460929,0.07750118167878217
oracle,0.65,Zambia,40,27,0.675,0.5816578483245151,0.6088888888888889,0.5176190476190476,0.06403880070546741
oracle,0.65,ALL,11875,7741,0.6518736842105263,0.7331963145864799,0.751089006588296,0.65282506117741,0.08037125340906992
oracle,0.6,KU Leuven,1314,791,0.601978691019787,0.5322858346878575,0.6077876106194691,0.4281220555193158,0.10416377916854169
oracle,0.6,OULAD,6829,4100,0.6003807292429345,0.819349593495935,0.8259268292682928,0.7303655976961,0.08898399579983496
oracle,0.6,Oviedo,1271,770,0.6058221872541306,0.7181447124304268,0.7483376623376624,0.6299426773069575,0.08820203512346925
oracle,0.6,UKZN,2421,1459,0.6026435357290376,0.6578389012530689,0.6525565455791639,0.5703084052460929,0.08753049600697593
oracle,0.6,Zambia,40,25,0.625,0.5878095238095239,0.6015999999999999,0.5176190476190476,0.07019047619047625
oracle,0.6,ALL,11875,7145,0.6016842105263158,0.7428726455096324,0.7572288313505949,0.65282506117741,0.09004758433222237
oracle,0.55,KU Leuven,1314,726,0.5525114155251142,0.5427521972976519,0.615068870523416,0.4281220555193158,0.11463014177833608
oracle,0.55,OULAD,6829,3759,0.5504466246888271,0.8285714285714286,0.8314445331205108,0.7303655976961,0.09820583087532864
oracle,0.55,Oviedo,1271,705,0.5546813532651456,0.7277676460655185,0.7572198581560284,0.6299426773069575,0.09782496875856095
oracle,0.55,UKZN,2421,1339,0.5530772408095829,0.6679357937113775,0.6621807318894697,0.5703084052460929,0.09762738846528451
oracle,0.55,Zambia,40,23,0.575,0.5933747412008282,0.6130434782608696,0.5176190476190476,0.07575569358178058
oracle,0.55,ALL,11875,6552,0.5517473684210527,0.7524004781046153,0.7641239316239317,0.65282506117741,0.09957541692720528
oracle,0.5,KU Leuven,1314,659,0.5015220700152208,0.5533203266131946,0.6222154779969651,0.4281220555193158,0.12519827109387882
oracle,0.5,OULAD,6829,3415,0.5000732171621028,0.8378693439308375,0.8375636896046853,0.7303655976961,0.10750374623473746
oracle,0.5,Oviedo,1271,641,0.5043273013375295,0.7382661020726544,0.7653042121684868,0.6299426773069575,0.1083234247656969
oracle,0.5,UKZN,2421,1215,0.5018587360594795,0.6778791527873888,0.6685925925925926,0.5703084052460929,0.10757074754129581
oracle,0.5,Zambia,40,20,0.5,0.6047619047619048,0.631,0.5176190476190476,0.08714285714285719
oracle,0.5,ALL,11875,5950,0.5010526315789474,0.7621695604911585,0.7707294117647059,0.65282506117741,0.10934449931374846
oracle,0.45,KU Leuven,1314,594,0.4520547945205479,0.5640211640211641,0.6277441077441077,0.4281220555193158,0.13589910850184828
oracle,0.45,OULAD,6829,3075,0.4502855469322009,0.8472411924119242,0.8443382113821138,0.7303655976961,0.1168755947158242
oracle,0.45,Oviedo,1271,584,0.45948072383949645,0.7478473581213309,0.7708561643835616,0.6299426773069575,0.11790468081437333
oracle,0.45,UKZN,2421,1097,0.453118546055349,0.6874370179871608,0.6771011850501367,0.5703084052460929,0.1171286127410679
oracle,0.45,Zambia,40,19,0.475,0.6110275689223058,0.6378947368421053,0.5176190476190476,0.09340852130325816
oracle,0.45,ALL,11875,5369,0.4521263157894737,0.7716084983757748,0.7774818401937046,0.65282506117741,0.11878343719836482
oracle,0.4,KU Leuven,1314,528,0.4018264840182648,0.5751082251082252,0.6372727272727273,0.4281220555193158,0.14698616958890942
oracle,0.4,OULAD,6829,2734,0.40035144237809345,0.8566133695614311,0.8504096561814192,0.7303655976961,0.1262477718653311
oracle,0.4,Oviedo,1271,517,0.4067663257277734,0.7588284056369163,0.7783752417794971,0.6299426773069575,0.12888572832995882
oracle,0.4,UKZN,2421,975,0.40272614622057,0.6981767055923108,0.6851282051282052,0.5703084052460929,0.12786830034621788
oracle,0.4,Zambia,40,17,0.425,0.6168067226890758,0.6494117647058824,0.5176190476190476,0.09918767507002813
oracle,0.4,ALL,11875,4771,0.40176842105263155,0.7816307657075243,0.7845231607629428,0.65282506117741,0.1288057045301143
oracle,0.35,KU Leuven,1314,463,0.3523592085235921,0.585642291473825,0.6456155507559396,0.4281220555193158,0.15752023595450915
oracle,0.35,OULAD,6829,2392,0.35027090349978035,0.866340181557573,0.8565802675585285,0.7303655976961,0.135974583861473
oracle,0.35,Oviedo,1271,455,0.35798583792289534,0.7700470957613816,0.7857142857142857,0.6299426773069575,0.14010441845442412
oracle,0.35,UKZN,2421,855,0.35315985130111527,0.7089038177110867,0.6973567251461988,0.5703084052460929,0.13859541246499374
oracle,0.35,Zambia,40,15,0.375,0.6241269841269842,0.6626666666666666,0.5176190476190476,0.10650793650793655
oracle,0.35,ALL,11875,4180,0.352,0.7916947829460307,0.7922344497607656,0.65282506117741,0.13886972176862067
oracle,0.3,KU Leuven,1314,398,0.3028919330289193,0.5960277578368032,0.6533668341708543,0.4281220555193158,0.16790570231748736
oracle,0.3,OULAD,6829,2051,0.3003367989456729,0.8760651018086417,0.8658508044856167,0.7303655976961,0.14569950411254173
oracle,0.3,Oviedo,1271,389,0.3060582218725413,0.7828865222181419,0.7958354755784062,0.6299426773069575,0.1529438449111844
oracle,0.3,UKZN,2421,734,0.30318050392399837,0.7204716965309794,0.7071934604904633,0.5703084052460929,0.15016329128488648
oracle,0.3,Zambia,40,13,0.325,0.6307692307692309,0.6646153846153846,0.5176190476190476,0.11315018315018321
oracle,0.3,ALL,11875,3585,0.30189473684210527,0.8021192897699212,0.8014504881450487,0.65282506117741,0.14929422859251118
oracle,0.25,KU Leuven,1314,330,0.2511415525114155,0.607907647907648,0.6615151515151515,0.4281220555193158,0.17978559238833214
oracle,0.25,OULAD,6829,1708,0.2501098257431542,0.885792349726776,0.8732552693208431,0.7303655976961,0.15542675203067602
oracle,0.25,Oviedo,1271,324,0.2549173878835563,0.7975308641975309,0.8057407407407408,0.6299426773069575,0.16758818689057342
oracle,0.25,UKZN,2421,611,0.2523750516315572,0.733843872677774,0.7186906710310965,0.5703084052460929,0.16353546743168101
oracle,0.25,Zambia,40,11,0.275,0.6363636363636365,0.6763636363636364,0.5176190476190476,0.11874458874458882
oracle,0.25,ALL,11875,2984,0.2512842105263158,0.8134455306129279,0.8101340482573727,0.65282506117741,0.1606204694355179
oracle,0.2,KU Leuven,1314,266,0.2024353120243531,0.6207662012173291,0.6778195488721805,0.4281220555193158,0.19264414569801325
oracle,0.2,OULAD,6829,1369,0.2004685898374579,0.8956346307697659,0.8807012417823229,0.7303655976961,0.16526903307366592
oracle,0.2,Oviedo,1271,262,0.20613690007867821,0.8124318429661942,0.8202290076335879,0.6299426773069575,0.18248916565923667
oracle,0.2,UKZN,2421,491,0.20280875671210244,0.7490313090925005,0.7312423625254583,0.5703084052460929,0.17872290384640754
oracle,0.2,Zambia,40,9,0.225,0.6423280423280424,0.6555555555555556,0.5176190476190476,0.12470899470899477
oracle,0.2,ALL,11875,2397,0.20185263157894737,0.8250563567167843,0.8201168126825199,0.65282506117741,0.17223129553937433
oracle,0.15,KU Leuven,1314,201,0.15296803652968036,0.6377161809997631,0.6895522388059702,0.4281220555193158,0.2095941254804473
oracle,0.15,OULAD,6829,1027,0.15038805095914481,0.905930356563268,0.8881012658227848,0.7303655976961,0.17556475886716805
oracle,0.15,Oviedo,1271,200,0.15735641227380015,0.8295238095238097,0.8306,0.6299426773069575,0.19958113221685214
oracle,0.15,UKZN,2421,371,0.15324246179264767,0.7664307313634672,0.746900269541779,0.5703084052460929,0.19612232611737423
oracle,0.15,Zambia,40,7,0.175,0.6517006802721089,0.6714285714285715,0.5176190476190476,0.13408163265306128
oracle,0.15,ALL,11875,1806,0.1520842105263158,0.8379755794983066,0.8297895902547066,0.65282506117741,0.18515051832089657
oracle,0.1,KU Leuven,1314,135,0.10273972602739725,0.6564373897707232,0.6937777777777777,0.4281220555193158,0.22831533425140738
oracle,0.1,OULAD,6829,686,0.10045394640503734,0.9181174510620577,0.8975218658892129,0.7303655976961,0.18775185336595768
oracle,0.1,Oviedo,1271,134,0.1054287962234461,0.850177683013504,0.8491044776119403,0.6299426773069575,0.22023500570654653
oracle,0.1,UKZN,2421,249,0.10285006195786865,0.7875107862941135,0.7677911646586346,0.5703084052460929,0.2172023810480206
oracle,0.1,Zambia,40,5,0.125,0.6571428571428573,0.6599999999999999,0.5176190476190476,0.1395238095238096
oracle,0.1,ALL,11875,1209,0.10181052631578948,0.8533890228654898,0.8417038875103391,0.65282506117741,0.20056396168807977
oracle,0.05,KU Leuven,1314,69,0.05251141552511415,0.6792270531400967,0.7142028985507246,0.4281220555193158,0.25110499762078087
oracle,0.05,OULAD,6829,344,0.05037340752672426,0.933499446290144,0.9174418604651163,0.7303655976961,0.20313384859404404
oracle,0.05,Oviedo,1271,71,0.05586152635719906,0.8747149564050973,0.8653521126760563,0.6299426773069575,0.2447722790981398
oracle,0.05,UKZN,2421,129,0.05328376703841388,0.8173149571612367,0.8062015503875969,0.5703084052460929,0.24700655191514376
oracle,0.05,Zambia,40,3,0.075,0.6634920634920636,0.6666666666666666,0.5176190476190476,0.14587301587301593
oracle,0.05,ALL,11875,616,0.051873684210526315,0.8725963372719381,0.864155844155844,0.65282506117741,0.21977127609452807
