feature_set,split_strategy,model,feature,mean_rmse_increase,std_rmse_increase,model_native_importance,direction_pearson_with_prediction,direction_pearson_with_target,direction_note,test_mean,train_median,importance_share_basis,importance_share_basis_value,importance_share,rank
B_lms_oulad,student_group,gradient_boosting,assessment_submission_rate_due_to_date,10.742198714137379,0.06973551927747436,0.7112055232988096,0.8540565111627094,0.7857195951036449,higher values generally align with higher predicted final_grade,0.6673300725248776,1.0,positive_permutation_rmse_increase,10.742198714137379,0.3806842532457873,1
B_lms_oulad,student_group,gradient_boosting,cumulative_submitted_weight_to_date,4.347381338952138,0.04533247539800302,0.04475342118453846,0.6095018107471311,0.5613473337640021,higher values generally align with higher predicted final_grade,44.106404958677686,22.5,positive_permutation_rmse_increase,4.347381338952138,0.1540633963897552,2
B_lms_oulad,student_group,gradient_boosting,is_unregistered_by_week,3.8046683628499456,0.05719226326455347,0.00712305729551842,-0.6878587310131606,-0.6312192356109179,higher values generally align with lower predicted final_grade,0.26906729634002363,0.0,positive_permutation_rmse_increase,3.8046683628499456,0.13483062202649929,3
B_lms_oulad,student_group,gradient_boosting,cumulative_assessment_score_mean_to_date,3.444636463628879,0.04650435723945495,0.134446172108653,0.5114626662495128,0.48143427767812325,higher values generally align with higher predicted final_grade,71.46120874796199,73.0,positive_permutation_rmse_increase,3.444636463628879,0.12207173733753361,4
B_lms_oulad,student_group,gradient_boosting,cumulative_assessment_weighted_score_to_date,2.6390411265711844,0.030874667075147206,0.03193832991790854,0.5042980166716766,0.47697797970746575,higher values generally align with higher predicted final_grade,70.78265607562656,72.11111111111111,positive_permutation_rmse_increase,2.6390411265711844,0.09352288365616475,5
B_lms_oulad,student_group,gradient_boosting,current_week_clicks,1.077760620497455,0.016481184461325665,0.019663987847575736,0.3975370058178693,0.3751308535672394,higher values generally align with higher predicted final_grade,22.49887839433294,0.0,positive_permutation_rmse_increase,1.077760620497455,0.03819390312076692,6
B_lms_oulad,student_group,gradient_boosting,cumulative_clicks_to_date,0.6677303983821811,0.019285397595362457,0.020075016292996187,0.5593585777118988,0.5159940707231425,higher values generally align with higher predicted final_grade,687.6691263282172,397.0,positive_permutation_rmse_increase,0.6677303983821811,0.0236631675546178,7
B_lms_oulad,student_group,gradient_boosting,cumulative_content_clicks_to_date,0.4557373584503028,0.015197401046898363,0.0013214767442484793,0.5422626429724071,0.49979880960893114,higher values generally align with higher predicted final_grade,450.6720779220779,274.0,positive_permutation_rmse_increase,0.4557373584503028,0.016150514489136687,8
B_lms_oulad,student_group,gradient_boosting,cumulative_social_clicks_to_date,0.3151681850178984,0.024076632985134155,0.0034902543346991464,0.5408837990118038,0.4996926883289708,higher values generally align with higher predicted final_grade,225.77077922077922,102.0,positive_permutation_rmse_increase,0.3151681850178984,0.011168995133414211,9
B_lms_oulad,student_group,gradient_boosting,current_week_activity_types,0.2365300795925954,0.01009287918873583,0.010678728286452815,0.6528264210708441,0.6181529342477998,higher values generally align with higher predicted final_grade,2.093860684769776,0.0,positive_permutation_rmse_increase,0.2365300795925954,0.008382201736909917,10
B_lms_oulad,student_group,gradient_boosting,banked_assessment_rate_to_date,0.22217288561882012,0.011906681740168438,0.0014591842938260857,-0.03500435913008017,-0.05775810085340823,weak or mixed direction in held-out predictions,0.03205262270197335,0.0,positive_permutation_rmse_increase,0.22217288561882012,0.007873408536182904,11
B_lms_oulad,student_group,gradient_boosting,course_week_progress,0.09854641031977968,0.008779893129389555,0.005684748145786176,9.086866179566738e-05,2.0642493728773142e-16,weak or mixed direction in held-out predictions,0.5526315789473684,0.5526315789473685,positive_permutation_rmse_increase,0.09854641031977968,0.003492308010767497,12
B_lms_oulad,student_group,gradient_boosting,late_submission_rate_to_date,0.09433216522445527,0.008873353703652682,0.0017056650305951899,-0.05671089559934255,-0.05619054488963867,weak or mixed direction in held-out predictions,0.10578863776915726,0.0,positive_permutation_rmse_increase,0.09433216522445527,0.0033429627240342567,13
B_lms_oulad,student_group,gradient_boosting,week_number,0.034723658037837994,0.00511777220290232,0.0015404948768206975,9.08686617956669e-05,1.2770929227909268e-16,weak or mixed direction in held-out predictions,21.0,21.0,positive_permutation_rmse_increase,0.034723658037837994,0.001230544154121797,14
B_lms_oulad,student_group,gradient_boosting,cumulative_other_clicks_to_date,0.029495283255221594,0.012817691087959292,0.0017743953239698596,0.20011303678528297,0.17893571534887712,higher values generally align with higher predicted final_grade,4.253896103896104,0.0,positive_permutation_rmse_increase,0.029495283255221594,0.001045259930400447,15
B_lms_oulad,student_group,gradient_boosting,cumulative_assessment_score_count_to_date,0.00695573774317945,0.0007048494028853918,0.0002383412726282763,0.7280086265911092,0.6709032135539278,higher values generally align with higher predicted final_grade,2.625383707201889,2.0,positive_permutation_rmse_increase,0.00695573774317945,0.00024649886852781444,16
B_lms_oulad,student_group,gradient_boosting,has_assessment_score_to_date,0.0010537521327095808,9.741202419259486e-05,3.806306467182928e-05,0.654136839019526,0.6000626596235342,higher values generally align with higher predicted final_grade,0.7738488783943329,1.0,positive_permutation_rmse_increase,0.0010537521327095808,3.734308537960382e-05,17
B_lms_oulad,student_group,gradient_boosting,has_vle_activity_to_date,0.0,0.0,0.0,0.3561807804602706,0.32326388797416067,higher values generally align with higher predicted final_grade,0.9213695395513577,1.0,positive_permutation_rmse_increase,0.0,0.0,18
B_lms_oulad,student_group,gradient_boosting,is_registered_by_week,0.0,0.0,0.0,,,direction unclear,1.0,1.0,positive_permutation_rmse_increase,0.0,0.0,19
B_lms_oulad,student_group,gradient_boosting,has_weighted_score_to_date,-9.747699438733548e-06,0.00011652795480568384,1.1185985652555245e-05,0.654136839019526,0.6000626596235342,higher values generally align with higher predicted final_grade,0.7738488783943329,1.0,positive_permutation_rmse_increase,0.0,0.0,20
B_lms_oulad,student_group,gradient_boosting,days_since_registration_start,-0.0024460956368188864,0.005285407163205793,0.0016000301966652588,-0.03240845474598072,-0.04308636629783832,weak or mixed direction in held-out predictions,237.08471074380165,233.0,positive_permutation_rmse_increase,0.0,0.0,21
B_lms_oulad,student_group,gradient_boosting,cumulative_assessment_clicks_to_date,-0.007235888728517636,0.006882861942060509,0.001251924497983759,0.3769219945208479,0.3582211586143512,higher values generally align with higher predicted final_grade,6.97237308146399,3.0,positive_permutation_rmse_increase,0.0,0.0,22
B_lms_oulad,temporal_forward,gradient_boosting,assessment_submission_rate_due_to_date,8.404601010019528,0.08450453656351262,0.6047699192933236,0.8625248925427798,0.8689094868616128,higher values generally align with higher predicted final_grade,0.6242142747824565,1.0,positive_permutation_rmse_increase,8.404601010019528,0.2783099956908651,1
B_lms_oulad,temporal_forward,gradient_boosting,cumulative_assessment_weighted_score_to_date,6.933532354598878,0.1028855026220113,0.18134096181796958,0.4108588663487415,0.38584987789371056,higher values generally align with higher predicted final_grade,69.84653936836109,75.22222222222223,positive_permutation_rmse_increase,6.933532354598878,0.22959702161119055,2
B_lms_oulad,temporal_forward,gradient_boosting,cumulative_submitted_weight_to_date,5.661028657033947,0.07445239895600729,0.022272291901486906,0.7382422238160725,0.7369655963544726,higher values generally align with higher predicted final_grade,64.54832415059688,22.5,positive_permutation_rmse_increase,5.661028657033947,0.18745932844006846,3
B_lms_oulad,temporal_forward,gradient_boosting,is_unregistered_by_week,4.953638924772717,0.06831708629518946,0.006045801355089468,-0.7098937992153028,-0.7049904426541059,higher values generally align with lower predicted final_grade,0.3274793388429752,0.0,positive_permutation_rmse_increase,4.953638924772717,0.1640348216606648,4
B_lms_oulad,temporal_forward,gradient_boosting,current_week_clicks,1.4477445028797786,0.046350985102329385,0.04597888988510843,0.36863246445592224,0.3402453199327454,higher values generally align with higher predicted final_grade,18.49265381083563,5.0,positive_permutation_rmse_increase,1.4477445028797786,0.04794061798740981,5
B_lms_oulad,temporal_forward,gradient_boosting,cumulative_assessment_score_mean_to_date,0.8183998818746342,0.031358008309359975,0.052760073147760184,0.44514806887065445,0.4216492340605169,higher values generally align with higher predicted final_grade,70.70127137172592,75.0,positive_permutation_rmse_increase,0.8183998818746342,0.02710049737356952,6
B_lms_oulad,temporal_forward,gradient_boosting,cumulative_content_clicks_to_date,0.6532800201446278,0.033311663382578016,0.004339875557364434,0.578059935571582,0.5517055378887783,higher values generally align with higher predicted final_grade,567.32782369146,218.0,positive_permutation_rmse_increase,0.6532800201446278,0.021632717528723856,7
B_lms_oulad,temporal_forward,gradient_boosting,current_week_activity_types,0.3754067540334158,0.018263099233320625,0.039658986143064456,0.6666381414876604,0.6488775495025805,higher values generally align with higher predicted final_grade,1.61455463728191,2.0,positive_permutation_rmse_increase,0.3754067540334158,0.01243122094348163,8
B_lms_oulad,temporal_forward,gradient_boosting,cumulative_clicks_to_date,0.322124957946095,0.022355081027257123,0.011505225419594721,0.6038392515687239,0.5748527317748245,higher values generally align with higher predicted final_grade,880.65645087236,310.0,positive_permutation_rmse_increase,0.322124957946095,0.010666847307923485,9
B_lms_oulad,temporal_forward,gradient_boosting,cumulative_social_clicks_to_date,0.21854867043516701,0.03104739175629881,0.010044300258547986,0.5981479757990203,0.567554376616603,higher values generally align with higher predicted final_grade,298.91689623507807,74.0,positive_permutation_rmse_increase,0.21854867043516701,0.007237021656892943,10
B_lms_oulad,temporal_forward,gradient_boosting,cumulative_assessment_score_count_to_date,0.17340120104359233,0.022056934768207435,0.0004955569933490528,0.8509779162728904,0.8508977815950611,higher values generally align with higher predicted final_grade,3.452364554637282,2.0,positive_permutation_rmse_increase,0.17340120104359233,0.005742008152165796,11
B_lms_oulad,temporal_forward,gradient_boosting,late_submission_rate_to_date,0.09520972544717393,0.02654444585880575,0.004925503404177383,-0.08813759017845285,-0.054116586979788675,weak or mixed direction in held-out predictions,0.11884674668765577,0.0,positive_permutation_rmse_increase,0.09520972544717393,0.003152775277177597,12
B_lms_oulad,temporal_forward,gradient_boosting,banked_assessment_rate_to_date,0.08054113409161445,0.02090384458445715,0.004108936240998616,-0.06544532185740441,-0.06330334133701318,weak or mixed direction in held-out predictions,0.031189328348419254,0.0,positive_permutation_rmse_increase,0.08054113409161445,0.0026670394769783994,13
B_lms_oulad,temporal_forward,gradient_boosting,has_assessment_score_to_date,0.05609692963428709,0.005492359079704977,1.2936374288364075e-05,0.5871945960003596,0.6002962061346601,higher values generally align with higher predicted final_grade,0.7768595041322314,1.0,positive_permutation_rmse_increase,0.05609692963428709,0.001857593980508651,14
B_lms_oulad,temporal_forward,gradient_boosting,cumulative_other_clicks_to_date,0.005148664890846414,0.014941037272504617,0.004445605117046182,0.22543553103429487,0.20301731760641142,higher values generally align with higher predicted final_grade,5.633723599632691,0.0,positive_permutation_rmse_increase,0.005148664890846414,0.00017049291237941164,15
B_lms_oulad,temporal_forward,gradient_boosting,course_week_progress,0.0,0.0,0.0008827263051526017,0.01258256572225492,-2.1336940643296422e-16,weak or mixed direction in held-out predictions,0.7763157894736842,0.3157894736842105,positive_permutation_rmse_increase,0.0,0.0,16
B_lms_oulad,temporal_forward,gradient_boosting,has_vle_activity_to_date,0.0,0.0,8.521947143750871e-07,0.3225845442164119,0.3232632534041195,higher values generally align with higher predicted final_grade,0.9214876033057852,1.0,positive_permutation_rmse_increase,0.0,0.0,17
B_lms_oulad,temporal_forward,gradient_boosting,has_weighted_score_to_date,0.0,0.0,2.884438404195822e-06,0.5871945960003596,0.6002962061346601,higher values generally align with higher predicted final_grade,0.7768595041322314,1.0,positive_permutation_rmse_increase,0.0,0.0,18
B_lms_oulad,temporal_forward,gradient_boosting,is_registered_by_week,0.0,0.0,0.0,,,direction unclear,1.0,1.0,positive_permutation_rmse_increase,0.0,0.0,19
B_lms_oulad,temporal_forward,gradient_boosting,week_number,0.0,0.0,0.00024787943562401565,0.012582565722255565,6.444590354485664e-16,weak or mixed direction in held-out predictions,29.5,12.0,positive_permutation_rmse_increase,0.0,0.0,20
B_lms_oulad,temporal_forward,gradient_boosting,cumulative_assessment_clicks_to_date,-0.028188533990449235,0.010972307462233308,0.002595133078767332,0.41254705316604484,0.39825106316709047,higher values generally align with higher predicted final_grade,8.778007346189165,3.0,positive_permutation_rmse_increase,0.0,0.0,21
B_lms_oulad,temporal_forward,gradient_boosting,days_since_registration_start,-0.08409920027338262,0.011795834614043007,0.0035656616381680626,-0.024750991739813957,-0.05933658045990469,weak or mixed direction in held-out predictions,296.5847107438017,164.0,positive_permutation_rmse_increase,0.0,0.0,22
B_lms_plus_mastery_oulad,student_group,gradient_boosting,overall_mastery_proxy,9.573318147787694,0.0838746255830638,0.7437082522460645,0.9575908218854318,0.8854190296828305,higher values generally align with higher predicted final_grade,47.1945550472255,54.09375,positive_permutation_rmse_increase,9.573318147787694,0.39927356239037953,1
B_lms_plus_mastery_oulad,student_group,gradient_boosting,is_unregistered_by_week,3.4427805383711103,0.06232640405072201,0.006852534165384574,-0.6858135843984883,-0.6312192356109179,higher values generally align with lower predicted final_grade,0.26906729634002363,0.0,positive_permutation_rmse_increase,3.4427805383711103,0.14358775388670877,2
B_lms_plus_mastery_oulad,student_group,gradient_boosting,cumulative_submitted_weight_to_date,3.1779103583124546,0.045768484344607216,0.04770857254326253,0.6072983666437445,0.5613473337640021,higher values generally align with higher predicted final_grade,44.106404958677686,22.5,positive_permutation_rmse_increase,3.1779103583124546,0.13254083590796806,3
B_lms_plus_mastery_oulad,student_group,gradient_boosting,tma_mastery_to_date,3.0718026902921025,0.03178203718688678,0.12493492376652512,0.9574029389359292,0.8851034233183515,higher values generally align with higher predicted final_grade,47.28983766233767,54.111111111111114,positive_permutation_rmse_increase,3.0718026902921025,0.1281154124598596,4
B_lms_plus_mastery_oulad,student_group,gradient_boosting,cumulative_assessment_weighted_score_to_date,1.7397573445228025,0.0323034261091302,0.01414850095916622,0.5085488600713596,0.47697797970746575,higher values generally align with higher predicted final_grade,70.78265607562656,72.11111111111111,positive_permutation_rmse_increase,1.7397573445228025,0.07255991098582376,5
B_lms_plus_mastery_oulad,student_group,gradient_boosting,current_week_clicks,0.736603815714508,0.012534554856922535,0.008242290296170173,0.3977806642985661,0.3751308535672394,higher values generally align with higher predicted final_grade,22.49887839433294,0.0,positive_permutation_rmse_increase,0.736603815714508,0.030721472433112813,6
B_lms_plus_mastery_oulad,student_group,gradient_boosting,cumulative_clicks_to_date,0.6636512572995676,0.019512626545554444,0.014286633306288819,0.5589047941144106,0.5159940707231425,higher values generally align with higher predicted final_grade,687.6691263282172,397.0,positive_permutation_rmse_increase,0.6636512572995676,0.027678846309739203,7
B_lms_plus_mastery_oulad,student_group,gradient_boosting,current_week_activity_types,0.3915572515704833,0.011070055764483923,0.007934135286617572,0.6521363016328923,0.6181529342477998,higher values generally align with higher predicted final_grade,2.093860684769776,0.0,positive_permutation_rmse_increase,0.3915572515704833,0.016330644850705324,8
B_lms_plus_mastery_oulad,student_group,gradient_boosting,cumulative_social_clicks_to_date,0.33293971136927625,0.028861351676904904,0.0026246935445642444,0.5403105688290357,0.4996926883289708,higher values generally align with higher predicted final_grade,225.77077922077922,102.0,positive_permutation_rmse_increase,0.33293971136927625,0.013885888107704383,9
B_lms_plus_mastery_oulad,student_group,gradient_boosting,cumulative_content_clicks_to_date,0.26112088651923554,0.010989335169027043,0.002643336286368293,0.5418005264883614,0.49979880960893114,higher values generally align with higher predicted final_grade,450.6720779220779,274.0,positive_permutation_rmse_increase,0.26112088651923554,0.01089054651329669,10
B_lms_plus_mastery_oulad,student_group,gradient_boosting,banked_assessment_rate_to_date,0.1795806223344801,0.013295371796804789,0.0014358520652707307,-0.030921936351536547,-0.05775810085340823,weak or mixed direction in held-out predictions,0.03205262270197335,0.0,positive_permutation_rmse_increase,0.1795806223344801,0.007489753678805593,11
B_lms_plus_mastery_oulad,student_group,gradient_boosting,cumulative_assessment_score_mean_to_date,0.13374579471597012,0.011691313664700845,0.009613825204507756,0.5152694492435684,0.48143427767812325,higher values generally align with higher predicted final_grade,71.46120874796199,73.0,positive_permutation_rmse_increase,0.13374579471597012,0.005578124437796764,12
B_lms_plus_mastery_oulad,student_group,gradient_boosting,late_submission_rate_to_date,0.09800328257403237,0.009253660161023152,0.0017047925890780215,-0.059042086815657334,-0.05619054488963867,weak or mixed direction in held-out predictions,0.10578863776915726,0.0,positive_permutation_rmse_increase,0.09800328257403237,0.004087414536445498,13
B_lms_plus_mastery_oulad,student_group,gradient_boosting,course_week_progress,0.03845267783522447,0.00807564208645746,0.0025578864796660704,-0.0023844492699042347,2.0642493728773142e-16,weak or mixed direction in held-out predictions,0.5526315789473684,0.5526315789473685,positive_permutation_rmse_increase,0.03845267783522447,0.0016037425504622587,14
B_lms_plus_mastery_oulad,student_group,gradient_boosting,mastery_assessment_coverage_to_date,0.03604699430879895,0.008237586251442493,0.0035096673205483996,-0.00264769022771593,-5.478070448783499e-16,weak or mixed direction in held-out predictions,0.3132142857142857,0.3,positive_permutation_rmse_increase,0.03604699430879895,0.0015034089130805599,15
B_lms_plus_mastery_oulad,student_group,gradient_boosting,week_number,0.028170831952575644,0.007671810267940441,0.0021192211033267054,-0.0023844492699041505,1.2770929227909268e-16,weak or mixed direction in held-out predictions,21.0,21.0,positive_permutation_rmse_increase,0.028170831952575644,0.0011749184823451092,16
B_lms_plus_mastery_oulad,student_group,gradient_boosting,assessment_submission_rate_due_to_date,0.02469836403332219,0.009188674558445586,0.000883994611228976,0.853469482739831,0.7857195951036449,higher values generally align with higher predicted final_grade,0.6673300725248776,1.0,positive_permutation_rmse_increase,0.02469836403332219,0.0010300925593993608,17
B_lms_plus_mastery_oulad,student_group,gradient_boosting,cumulative_assessment_score_count_to_date,0.02172247456501412,0.011050386455226827,0.00023902443306630147,0.7256261769985451,0.6709032135539278,higher values generally align with higher predicted final_grade,2.625383707201889,2.0,positive_permutation_rmse_increase,0.02172247456501412,0.0009059773914974191,18
B_lms_plus_mastery_oulad,student_group,gradient_boosting,current_assessment_cluster_mastery,0.013764503728395876,0.005076663705236686,0.00023831774983535425,0.3841235318519733,0.35138222770277044,higher values generally align with higher predicted final_grade,32.88961038961039,31.5,positive_permutation_rmse_increase,0.013764503728395876,0.000574074981456906,19
B_lms_plus_mastery_oulad,student_group,gradient_boosting,cumulative_other_clicks_to_date,0.009478598350474716,0.010807097900441421,0.0016913251202886523,0.20218403867135515,0.17893571534887712,higher values generally align with higher predicted final_grade,4.253896103896104,0.0,positive_permutation_rmse_increase,0.009478598350474716,0.0003953230918932942,20
B_lms_plus_mastery_oulad,student_group,gradient_boosting,has_current_assessment_cluster,0.0009612883876573146,0.00036452891504883757,3.513246862704601e-05,-0.0012826311540849442,1.224494267133631e-16,weak or mixed direction in held-out predictions,0.2,0.0,positive_permutation_rmse_increase,0.0009612883876573146,4.0092372686176396e-05,21
B_lms_plus_mastery_oulad,student_group,gradient_boosting,has_weighted_score_to_date,0.0007432803611222264,0.00011904622899643806,1.76588284949746e-05,0.6519130639263325,0.6000626596235342,higher values generally align with higher predicted final_grade,0.7738488783943329,1.0,positive_permutation_rmse_increase,0.0007432803611222264,3.0999930542229025e-05,22
B_lms_plus_mastery_oulad,student_group,gradient_boosting,exam_mastery_to_date,2.8849611685070425e-05,8.851521485917495e-06,2.01125086964463e-06,0.1311363648555642,0.12045703825623832,higher values generally align with higher predicted final_grade,0.9702479338842975,0.0,positive_permutation_rmse_increase,2.8849611685070425e-05,1.2032282906777834e-06,23
B_lms_plus_mastery_oulad,student_group,gradient_boosting,cma_mastery_to_date,0.0,0.0,0.0,,,direction unclear,0.0,0.0,positive_permutation_rmse_increase,0.0,0.0,24
B_lms_plus_mastery_oulad,student_group,gradient_boosting,cma_mastery_to_date_was_missing,0.0,0.0,0.0,,,direction unclear,1.0,1.0,positive_permutation_rmse_increase,0.0,0.0,25
B_lms_plus_mastery_oulad,student_group,gradient_boosting,exam_mastery_to_date_was_missing,0.0,0.0,0.0,-0.0007273766246747934,-6.620262766884782e-16,weak or mixed direction in held-out predictions,0.9714285714285714,1.0,positive_permutation_rmse_increase,0.0,0.0,26
B_lms_plus_mastery_oulad,student_group,gradient_boosting,has_due_assessment_to_date,0.0,0.0,0.0,,,direction unclear,1.0,1.0,positive_permutation_rmse_increase,0.0,0.0,27
B_lms_plus_mastery_oulad,student_group,gradient_boosting,has_vle_activity_to_date,0.0,0.0,1.5409670198987662e-07,0.356366953013839,0.32326388797416067,higher values generally align with higher predicted final_grade,0.9213695395513577,1.0,positive_permutation_rmse_increase,0.0,0.0,28
B_lms_plus_mastery_oulad,student_group,gradient_boosting,is_registered_by_week,0.0,0.0,0.0,,,direction unclear,1.0,1.0,positive_permutation_rmse_increase,0.0,0.0,29
B_lms_plus_mastery_oulad,student_group,gradient_boosting,has_assessment_score_to_date,-0.001419044833366693,0.00036496866316023475,1.4194917892438531e-05,0.6519130639263325,0.6000626596235342,higher values generally align with higher predicted final_grade,0.7738488783943329,1.0,positive_permutation_rmse_increase,0.0,0.0,30
B_lms_plus_mastery_oulad,student_group,gradient_boosting,cumulative_assessment_clicks_to_date,-0.01967485710295461,0.006216064390802381,0.0013303679326641302,0.37724143524887954,0.3582211586143512,higher values generally align with higher predicted final_grade,6.97237308146399,3.0,positive_permutation_rmse_increase,0.0,0.0,31
B_lms_plus_mastery_oulad,student_group,gradient_boosting,days_since_registration_start,-0.0227516064146941,0.005859909796680548,0.0015227014275207564,-0.03264158561440524,-0.04308636629783832,weak or mixed direction in held-out predictions,237.08471074380165,233.0,positive_permutation_rmse_increase,0.0,0.0,32
B_lms_plus_mastery_oulad,temporal_forward,gradient_boosting,overall_mastery_proxy,9.022722356360505,0.07757458110694845,0.5781037575928419,0.9668134587518723,0.955898910597746,higher values generally align with higher predicted final_grade,42.63961489898989,64.0,positive_permutation_rmse_increase,9.022722356360505,0.3398225596576132,1
B_lms_plus_mastery_oulad,temporal_forward,gradient_boosting,is_unregistered_by_week,4.506452490805706,0.07272064794589858,0.006313744151613721,-0.712774070542724,-0.7049904426541059,higher values generally align with lower predicted final_grade,0.3274793388429752,0.0,positive_permutation_rmse_increase,4.506452490805706,0.16972640406268025,2
B_lms_plus_mastery_oulad,temporal_forward,gradient_boosting,cumulative_submitted_weight_to_date,4.065576158708094,0.05978683152616511,0.0127178744359644,0.7424284816854814,0.7369655963544726,higher values generally align with higher predicted final_grade,64.54832415059688,22.5,positive_permutation_rmse_increase,4.065576158708094,0.15312169012506738,3
B_lms_plus_mastery_oulad,temporal_forward,gradient_boosting,tma_mastery_to_date,2.8964188475987305,0.03330830181820276,0.2580692310765002,0.9658974231698294,0.9547870229676083,higher values generally align with higher predicted final_grade,42.82488665059688,64.0,positive_permutation_rmse_increase,2.8964188475987305,0.10908774843744379,4
B_lms_plus_mastery_oulad,temporal_forward,gradient_boosting,cumulative_assessment_weighted_score_to_date,1.913882293540123,0.038138782629401166,0.0443304937091575,0.41421074077165876,0.38584987789371056,higher values generally align with higher predicted final_grade,69.84653936836109,75.22222222222223,positive_permutation_rmse_increase,1.913882293540123,0.07208249951476196,5
B_lms_plus_mastery_oulad,temporal_forward,gradient_boosting,current_week_clicks,1.4355280885988018,0.04017087833548535,0.023354346303613258,0.3629455752806925,0.3402453199327454,higher values generally align with higher predicted final_grade,18.49265381083563,5.0,positive_permutation_rmse_increase,1.4355280885988018,0.05406625741776893,6
B_lms_plus_mastery_oulad,temporal_forward,gradient_boosting,cumulative_content_clicks_to_date,0.9353672772389915,0.033414187174922776,0.0049516708637633335,0.5733145556112217,0.5517055378887783,higher values generally align with higher predicted final_grade,567.32782369146,218.0,positive_permutation_rmse_increase,0.9353672772389915,0.03522871366503415,7
B_lms_plus_mastery_oulad,temporal_forward,gradient_boosting,cumulative_assessment_score_mean_to_date,0.48395164858171164,0.02292709970423994,0.019904128784462977,0.45344127830232805,0.4216492340605169,higher values generally align with higher predicted final_grade,70.70127137172592,75.0,positive_permutation_rmse_increase,0.48395164858171164,0.018227058472615604,8
B_lms_plus_mastery_oulad,temporal_forward,gradient_boosting,cumulative_clicks_to_date,0.37790932037484193,0.028138916364263578,0.011596472216464457,0.598335606872631,0.5748527317748245,higher values generally align with higher predicted final_grade,880.65645087236,310.0,positive_permutation_rmse_increase,0.37790932037484193,0.01423318899730052,9
B_lms_plus_mastery_oulad,temporal_forward,gradient_boosting,cumulative_assessment_score_count_to_date,0.34264117252923104,0.021808757594210245,0.0007371114608683536,0.8522311565371418,0.8508977815950611,higher values generally align with higher predicted final_grade,3.452364554637282,2.0,positive_permutation_rmse_increase,0.34264117252923104,0.012904885653595176,10
B_lms_plus_mastery_oulad,temporal_forward,gradient_boosting,current_week_activity_types,0.17477042907877127,0.0078036990288387915,0.007945183270086907,0.6594334364508065,0.6488775495025805,higher values generally align with higher predicted final_grade,1.61455463728191,2.0,positive_permutation_rmse_increase,0.17477042907877127,0.006582374167829755,11
B_lms_plus_mastery_oulad,temporal_forward,gradient_boosting,cumulative_social_clicks_to_date,0.16745892536912485,0.02801785641791913,0.009107027200090186,0.5923496635539685,0.567554376616603,higher values generally align with higher predicted final_grade,298.91689623507807,74.0,positive_permutation_rmse_increase,0.16745892536912485,0.006307001191977664,12
B_lms_plus_mastery_oulad,temporal_forward,gradient_boosting,late_submission_rate_to_date,0.12102185666737443,0.02643003271076146,0.005334340379151716,-0.08471668593674786,-0.054116586979788675,weak or mixed direction in held-out predictions,0.11884674668765577,0.0,positive_permutation_rmse_increase,0.12102185666737443,0.0045580430698094684,13
B_lms_plus_mastery_oulad,temporal_forward,gradient_boosting,banked_assessment_rate_to_date,0.06345716498694311,0.0111670404430521,0.004069461216580005,-0.06503875580129045,-0.06330334133701318,weak or mixed direction in held-out predictions,0.031189328348419254,0.0,positive_permutation_rmse_increase,0.06345716498694311,0.002389985570073201,14
B_lms_plus_mastery_oulad,temporal_forward,gradient_boosting,current_assessment_cluster_mastery,0.024379277010374168,0.009619658368856763,0.0005103068000028913,0.3018432585822723,0.293211238213787,higher values generally align with higher predicted final_grade,51.617079889807165,56.0,positive_permutation_rmse_increase,0.024379277010374168,0.000918196081964903,15
B_lms_plus_mastery_oulad,temporal_forward,gradient_boosting,cumulative_other_clicks_to_date,0.010806284047504633,0.011916302729980411,0.004853261635971592,0.2134074414240397,0.20301731760641142,higher values generally align with higher predicted final_grade,5.633723599632691,0.0,positive_permutation_rmse_increase,0.010806284047504633,0.0004069967976817498,16
B_lms_plus_mastery_oulad,temporal_forward,gradient_boosting,has_vle_activity_to_date,0.008931772479334181,0.005008118000832574,6.415775435071173e-05,0.32370347542297984,0.3232632534041195,higher values generally align with higher predicted final_grade,0.9214876033057852,1.0,positive_permutation_rmse_increase,0.008931772479334181,0.0003363971167822882,17
B_lms_plus_mastery_oulad,temporal_forward,gradient_boosting,cma_mastery_to_date,0.0,0.0,0.0,,,direction unclear,0.0,0.0,positive_permutation_rmse_increase,0.0,0.0,18
B_lms_plus_mastery_oulad,temporal_forward,gradient_boosting,cma_mastery_to_date_was_missing,0.0,0.0,0.0,,,direction unclear,1.0,1.0,positive_permutation_rmse_increase,0.0,0.0,19
B_lms_plus_mastery_oulad,temporal_forward,gradient_boosting,course_week_progress,0.0,0.0,0.0005851277769222425,0.009099085963494274,-2.1336940643296422e-16,weak or mixed direction in held-out predictions,0.7763157894736842,0.3157894736842105,positive_permutation_rmse_increase,0.0,0.0,20
B_lms_plus_mastery_oulad,temporal_forward,gradient_boosting,exam_mastery_to_date,0.0,0.0,0.0,0.1648610506320253,0.16906642913933978,higher values generally align with higher predicted final_grade,1.886593204775023,0.0,positive_permutation_rmse_increase,0.0,0.0,21
B_lms_plus_mastery_oulad,temporal_forward,gradient_boosting,exam_mastery_to_date_was_missing,0.0,0.0,0.0,0.004390328671852791,3.511860233622437e-16,weak or mixed direction in held-out predictions,0.9444444444444444,1.0,positive_permutation_rmse_increase,0.0,0.0,22
B_lms_plus_mastery_oulad,temporal_forward,gradient_boosting,has_assessment_score_to_date,0.0,0.0,5.602105382676241e-06,0.5851976624505572,0.6002962061346601,higher values generally align with higher predicted final_grade,0.7768595041322314,1.0,positive_permutation_rmse_increase,0.0,0.0,23
B_lms_plus_mastery_oulad,temporal_forward,gradient_boosting,has_current_assessment_cluster,0.0,0.0,0.0,-0.0020314070918369402,8.843740298982301e-17,weak or mixed direction in held-out predictions,0.16666666666666666,0.0,positive_permutation_rmse_increase,0.0,0.0,24
B_lms_plus_mastery_oulad,temporal_forward,gradient_boosting,has_due_assessment_to_date,0.0,0.0,0.0,,,direction unclear,1.0,1.0,positive_permutation_rmse_increase,0.0,0.0,25
B_lms_plus_mastery_oulad,temporal_forward,gradient_boosting,has_weighted_score_to_date,0.0,0.0,0.0,0.5851976624505572,0.6002962061346601,higher values generally align with higher predicted final_grade,0.7768595041322314,1.0,positive_permutation_rmse_increase,0.0,0.0,26
B_lms_plus_mastery_oulad,temporal_forward,gradient_boosting,is_registered_by_week,0.0,0.0,0.0,,,direction unclear,1.0,1.0,positive_permutation_rmse_increase,0.0,0.0,27
B_lms_plus_mastery_oulad,temporal_forward,gradient_boosting,mastery_assessment_coverage_to_date,0.0,0.0,0.0005392042937436872,0.0009652273357635874,-7.802835250387887e-17,weak or mixed direction in held-out predictions,0.4611111111111111,0.1125,positive_permutation_rmse_increase,0.0,0.0,28
B_lms_plus_mastery_oulad,temporal_forward,gradient_boosting,week_number,0.0,0.0,0.0009362015978297419,0.009099085963494926,6.444590354485664e-16,weak or mixed direction in held-out predictions,29.5,12.0,positive_permutation_rmse_increase,0.0,0.0,29
B_lms_plus_mastery_oulad,temporal_forward,gradient_boosting,assessment_submission_rate_due_to_date,-0.005365873230218791,0.0010262903649069525,4.774869798393403e-05,0.864018294778199,0.8689094868616128,higher values generally align with higher predicted final_grade,0.6242142747824565,1.0,positive_permutation_rmse_increase,0.0,0.0,30
B_lms_plus_mastery_oulad,temporal_forward,gradient_boosting,cumulative_assessment_clicks_to_date,-0.011171510490885458,0.007728524788576674,0.0023079581279990594,0.41113586656865125,0.39825106316709047,higher values generally align with higher predicted final_grade,8.778007346189165,3.0,positive_permutation_rmse_increase,0.0,0.0,31
B_lms_plus_mastery_oulad,temporal_forward,gradient_boosting,days_since_registration_start,-0.08845089372298638,0.01349342903711836,0.003615588548654391,-0.024495003097508586,-0.05933658045990469,weak or mixed direction in held-out predictions,296.5847107438017,164.0,positive_permutation_rmse_increase,0.0,0.0,32
C_twin_oulad,student_group,gradient_boosting,overall_mastery_proxy,9.814260417604627,0.07845550370694915,0.7403337011298621,0.958618601535993,0.8854190296828305,higher values generally align with higher predicted final_grade,47.1945550472255,54.09375,positive_permutation_rmse_increase,9.814260417604627,0.42749757526256016,1
C_twin_oulad,student_group,gradient_boosting,is_unregistered_by_week,3.7569527746303986,0.05576337455495093,0.007314000592003488,-0.6880027493994908,-0.6312192356109179,higher values generally align with lower predicted final_grade,0.26906729634002363,0.0,positive_permutation_rmse_increase,3.7569527746303986,0.16364841905452943,2
C_twin_oulad,student_group,gradient_boosting,tma_mastery_to_date,2.655042866894306,0.029409532965855342,0.12136834188783842,0.958417233528841,0.8851034233183515,higher values generally align with higher predicted final_grade,47.28983766233767,54.111111111111114,positive_permutation_rmse_increase,2.655042866894306,0.11565052683740566,3
C_twin_oulad,student_group,gradient_boosting,cumulative_submitted_weight_to_date,2.6074029400802745,0.03439610683662239,0.04827996427408644,0.6067016087956623,0.5613473337640021,higher values generally align with higher predicted final_grade,44.106404958677686,22.5,positive_permutation_rmse_increase,2.6074029400802745,0.11357538797496503,4
C_twin_oulad,student_group,gradient_boosting,current_week_clicks,0.9000253428227458,0.018036462497351004,0.010346760743817551,0.39747101777752547,0.3751308535672394,higher values generally align with higher predicted final_grade,22.49887839433294,0.0,positive_permutation_rmse_increase,0.9000253428227458,0.0392040393631094,5
C_twin_oulad,student_group,gradient_boosting,performance_index_oulad,0.8066935181279666,0.031381525638603615,0.013983657375965292,0.8300275167769298,0.7665236400682995,higher values generally align with higher predicted final_grade,0.5471341214418309,0.6564236111111111,positive_permutation_rmse_increase,0.8066935181279666,0.035138615474389456,6
C_twin_oulad,student_group,gradient_boosting,cumulative_assessment_weighted_score_to_date,0.5716798302817293,0.018654093062653115,0.009759435066248705,0.5084387541769423,0.47697797970746575,higher values generally align with higher predicted final_grade,70.78265607562656,72.11111111111111,positive_permutation_rmse_increase,0.5716798302817293,0.024901697211291245,7
C_twin_oulad,student_group,gradient_boosting,cumulative_clicks_to_date,0.5553175777244558,0.01873929755642871,0.012783941617630044,0.5598699585885732,0.5159940707231425,higher values generally align with higher predicted final_grade,687.6691263282172,397.0,positive_permutation_rmse_increase,0.5553175777244558,0.02418897684353731,8
C_twin_oulad,student_group,gradient_boosting,current_week_activity_types,0.3354732326964064,0.011014531962636168,0.0067202182922539,0.6519614398631147,0.6181529342477998,higher values generally align with higher predicted final_grade,2.093860684769776,0.0,positive_permutation_rmse_increase,0.3354732326964064,0.014612817210958978,9
C_twin_oulad,student_group,gradient_boosting,cumulative_social_clicks_to_date,0.23014399065245866,0.024034945989503387,0.0020814246111855814,0.5415356885273075,0.4996926883289708,higher values generally align with higher predicted final_grade,225.77077922077922,102.0,positive_permutation_rmse_increase,0.23014399065245866,0.010024800013324746,10
C_twin_oulad,student_group,gradient_boosting,cumulative_content_clicks_to_date,0.17530631015273562,0.010900618465284277,0.0022254429176741483,0.5426523230926922,0.49979880960893114,higher values generally align with higher predicted final_grade,450.6720779220779,274.0,positive_permutation_rmse_increase,0.17530631015273562,0.007636135514000575,11
C_twin_oulad,student_group,gradient_boosting,late_submission_rate_to_date,0.10724593882888746,0.011144365640168224,0.0016398573545909282,-0.05893107536966098,-0.05619054488963867,weak or mixed direction in held-out predictions,0.10578863776915726,0.0,positive_permutation_rmse_increase,0.10724593882888746,0.004671506242474075,12
C_twin_oulad,student_group,gradient_boosting,clicks_trend_to_date,0.10516909734791753,0.009154964052347812,0.0010959719514634786,-0.018047842894588977,-0.019428854437740728,weak or mixed direction in held-out predictions,-1.3386068476977568,0.0,positive_permutation_rmse_increase,0.10516909734791753,0.004581041484097911,13
C_twin_oulad,student_group,gradient_boosting,discipline_index_oulad,0.08385046623419659,0.005294534517248143,0.0018856870557697905,0.7652429188631115,0.6981772280887749,higher values generally align with higher predicted final_grade,0.45581431195067557,0.5555555555555556,positive_permutation_rmse_increase,0.08385046623419659,0.003652427128941331,14
C_twin_oulad,student_group,gradient_boosting,mastery_assessment_coverage_to_date,0.05601269246588743,0.01090825084032957,0.004128671773765327,-0.004116638689627882,-5.478070448783499e-16,weak or mixed direction in held-out predictions,0.3132142857142857,0.3,positive_permutation_rmse_increase,0.05601269246588743,0.002439846630739669,15
C_twin_oulad,student_group,gradient_boosting,banked_assessment_rate_to_date,0.049518417813097196,0.007689484983446522,0.00021262223274741808,-0.033388942361403856,-0.05775810085340823,weak or mixed direction in held-out predictions,0.03205262270197335,0.0,positive_permutation_rmse_increase,0.049518417813097196,0.0021569637084384754,16
C_twin_oulad,student_group,gradient_boosting,course_week_progress,0.03903761027617894,0.007575231843558193,0.002135309265081801,-0.0036172787049985823,2.0642493728773142e-16,weak or mixed direction in held-out predictions,0.5526315789473684,0.5526315789473685,positive_permutation_rmse_increase,0.03903761027617894,0.001700432129065561,17
C_twin_oulad,student_group,gradient_boosting,cumulative_assessment_score_mean_to_date,0.03367159991720404,0.006663512732648371,0.0064645314614305265,0.5151846634391556,0.48143427767812325,higher values generally align with higher predicted final_grade,71.46120874796199,73.0,positive_permutation_rmse_increase,0.03367159991720404,0.0014666950648665412,18
C_twin_oulad,student_group,gradient_boosting,week_number,0.024429953958351073,0.005512121105638441,0.0013779391620255244,-0.0036172787049984427,1.2770929227909268e-16,weak or mixed direction in held-out predictions,21.0,21.0,positive_permutation_rmse_increase,0.024429953958351073,0.001064139898125923,19
C_twin_oulad,student_group,gradient_boosting,cumulative_other_clicks_to_date,0.019266955398495968,0.012062896976658029,0.0015989614963527832,0.20159003197688682,0.17893571534887712,higher values generally align with higher predicted final_grade,4.253896103896104,0.0,positive_permutation_rmse_increase,0.019266955398495968,0.0008392457877696327,20
C_twin_oulad,student_group,gradient_boosting,assessment_score_trend_to_date,0.017188791697654436,0.002171044320073261,0.00028717715231890625,-0.017156836268212055,-0.012826884064704754,weak or mixed direction in held-out predictions,-0.0994393377185585,0.0,positive_permutation_rmse_increase,0.017188791697654436,0.0007487234350598136,21
C_twin_oulad,student_group,gradient_boosting,current_assessment_cluster_mastery,0.012027349968481241,0.005407586980854342,0.0002518563756198472,0.38392359065455767,0.35138222770277044,higher values generally align with higher predicted final_grade,32.88961038961039,31.5,positive_permutation_rmse_increase,0.012027349968481241,0.0005238971384065727,22
C_twin_oulad,student_group,gradient_boosting,has_current_assessment_cluster,0.0017468470650269315,0.0004474582232454273,3.7248164159414245e-05,-0.00297227433688056,1.224494267133631e-16,weak or mixed direction in held-out predictions,0.2,0.0,positive_permutation_rmse_increase,0.0017468470650269315,7.609059194251524e-05,23
C_twin_oulad,student_group,gradient_boosting,cma_mastery_to_date,0.0,0.0,0.0,,,direction unclear,0.0,0.0,positive_permutation_rmse_increase,0.0,0.0,24
C_twin_oulad,student_group,gradient_boosting,cma_mastery_to_date_was_missing,0.0,0.0,0.0,,,direction unclear,1.0,1.0,positive_permutation_rmse_increase,0.0,0.0,25
C_twin_oulad,student_group,gradient_boosting,exam_mastery_to_date,0.0,0.0,0.0,0.12978162867605622,0.12045703825623832,higher values generally align with higher predicted final_grade,0.9702479338842975,0.0,positive_permutation_rmse_increase,0.0,0.0,26
C_twin_oulad,student_group,gradient_boosting,exam_mastery_to_date_was_missing,0.0,0.0,0.0,0.0005016984960166097,-6.620262766884782e-16,weak or mixed direction in held-out predictions,0.9714285714285714,1.0,positive_permutation_rmse_increase,0.0,0.0,27
C_twin_oulad,student_group,gradient_boosting,has_assessment_score_to_date,0.0,0.0,0.0,0.6532940445427604,0.6000626596235342,higher values generally align with higher predicted final_grade,0.7738488783943329,1.0,positive_permutation_rmse_increase,0.0,0.0,28
C_twin_oulad,student_group,gradient_boosting,has_due_assessment_to_date,0.0,0.0,0.0,,,direction unclear,1.0,1.0,positive_permutation_rmse_increase,0.0,0.0,29
C_twin_oulad,student_group,gradient_boosting,is_registered_by_week,0.0,0.0,0.0,,,direction unclear,1.0,1.0,positive_permutation_rmse_increase,0.0,0.0,30
C_twin_oulad,student_group,gradient_boosting,has_vle_activity_to_date,-1.397457881561574e-06,5.228808605250326e-06,1.66638130540664e-07,0.3522091937512283,0.32326388797416067,higher values generally align with higher predicted final_grade,0.9213695395513577,1.0,positive_permutation_rmse_increase,0.0,0.0,31
C_twin_oulad,student_group,gradient_boosting,has_weighted_score_to_date,-0.0002665834875086167,0.00014408787820677205,4.909852701330686e-06,0.6532940445427604,0.6000626596235342,higher values generally align with higher predicted final_grade,0.7738488783943329,1.0,positive_permutation_rmse_increase,0.0,0.0,32
C_twin_oulad,student_group,gradient_boosting,cumulative_assessment_score_count_to_date,-0.003210567739168487,0.0025057835577299652,0.00010429408316212454,0.7252836587903425,0.6709032135539278,higher values generally align with higher predicted final_grade,2.625383707201889,2.0,positive_permutation_rmse_increase,0.0,0.0,33
C_twin_oulad,student_group,gradient_boosting,days_since_registration_start,-0.004030672528122518,0.007080081329969469,0.001518661973715843,-0.03314339953825015,-0.04308636629783832,weak or mixed direction in held-out predictions,237.08471074380165,233.0,positive_permutation_rmse_increase,0.0,0.0,34
C_twin_oulad,student_group,gradient_boosting,assessment_submission_rate_due_to_date,-0.004369009086804117,0.006204497350568698,0.00033884220260542593,0.8546936792247672,0.7857195951036449,higher values generally align with higher predicted final_grade,0.6673300725248776,1.0,positive_permutation_rmse_increase,0.0,0.0,35
C_twin_oulad,student_group,gradient_boosting,engagement_index_oulad,-0.00519087731213664,0.006620107902573179,0.0004579023531797924,0.768958411166295,0.7066650198893494,higher values generally align with higher predicted final_grade,0.7943498060381177,1.0,positive_permutation_rmse_increase,0.0,0.0,36
C_twin_oulad,student_group,gradient_boosting,cumulative_assessment_clicks_to_date,-0.02341551210150416,0.005923609388388373,0.0012625009426135677,0.3757211821117283,0.3582211586143512,higher values generally align with higher predicted final_grade,6.97237308146399,3.0,positive_permutation_rmse_increase,0.0,0.0,37
C_twin_oulad,temporal_forward,gradient_boosting,overall_mastery_proxy,5.7930619518882285,0.05794042401672651,0.41697398366219135,0.9700130329537175,0.955898910597746,higher values generally align with higher predicted final_grade,42.63961489898989,64.0,positive_permutation_rmse_increase,5.7930619518882285,0.2279253622012164,1
C_twin_oulad,temporal_forward,gradient_boosting,is_unregistered_by_week,5.196693571459131,0.0709317787643331,0.0065624647345912945,-0.7059084815395201,-0.7049904426541059,higher values generally align with lower predicted final_grade,0.3274793388429752,0.0,positive_permutation_rmse_increase,5.196693571459131,0.20446152213813032,2
C_twin_oulad,temporal_forward,gradient_boosting,tma_mastery_to_date,5.096031432712473,0.04371595237915833,0.4084645798862607,0.9691143686470908,0.9547870229676083,higher values generally align with higher predicted final_grade,42.82488665059688,64.0,positive_permutation_rmse_increase,5.096031432712473,0.20050101651531319,3
C_twin_oulad,temporal_forward,gradient_boosting,cumulative_submitted_weight_to_date,3.9663193569182096,0.05423639483220554,0.01224419232838299,0.714943565466913,0.7369655963544726,higher values generally align with higher predicted final_grade,64.54832415059688,22.5,positive_permutation_rmse_increase,3.9663193569182096,0.1560530136807211,4
C_twin_oulad,temporal_forward,gradient_boosting,current_week_clicks,1.525498959013703,0.039136844095641186,0.021797809496790527,0.368808747550503,0.3402453199327454,higher values generally align with higher predicted final_grade,18.49265381083563,5.0,positive_permutation_rmse_increase,1.525498959013703,0.060020056001204206,5
C_twin_oulad,temporal_forward,gradient_boosting,performance_index_oulad,1.2575815990666825,0.03494686171982864,0.02670058718866984,0.7762219252544551,0.7705616967799505,higher values generally align with higher predicted final_grade,0.535135747915311,0.6871527777777777,positive_permutation_rmse_increase,1.2575815990666825,0.04947897050737234,6
C_twin_oulad,temporal_forward,gradient_boosting,cumulative_assessment_weighted_score_to_date,0.851103642955865,0.0243220739802643,0.02853351949181181,0.4300833362324571,0.38584987789371056,higher values generally align with higher predicted final_grade,69.84653936836109,75.22222222222223,positive_permutation_rmse_increase,0.851103642955865,0.033486281987414365,7
C_twin_oulad,temporal_forward,gradient_boosting,cumulative_content_clicks_to_date,0.4670738025948574,0.024403426201352125,0.004747072817031761,0.5721995346584697,0.5517055378887783,higher values generally align with higher predicted final_grade,567.32782369146,218.0,positive_permutation_rmse_increase,0.4670738025948574,0.01837680427298602,8
C_twin_oulad,temporal_forward,gradient_boosting,current_week_activity_types,0.3188667358852613,0.016480246518651622,0.010177932101107078,0.6715452930141266,0.6488775495025805,higher values generally align with higher predicted final_grade,1.61455463728191,2.0,positive_permutation_rmse_increase,0.3188667358852613,0.012545665293097499,9
C_twin_oulad,temporal_forward,gradient_boosting,cumulative_clicks_to_date,0.24547504199608028,0.018703740025982577,0.012183437488964846,0.5970537734812644,0.5748527317748245,higher values generally align with higher predicted final_grade,880.65645087236,310.0,positive_permutation_rmse_increase,0.24547504199608028,0.009658102800036292,10
C_twin_oulad,temporal_forward,gradient_boosting,cumulative_assessment_score_mean_to_date,0.21000934170334715,0.01311465022994364,0.01031228187385194,0.46656121905403786,0.4216492340605169,higher values generally align with higher predicted final_grade,70.70127137172592,75.0,positive_permutation_rmse_increase,0.21000934170334715,0.008262721108613817,11
C_twin_oulad,temporal_forward,gradient_boosting,discipline_index_oulad,0.16473782328587017,0.00830948318649353,0.011837579063249962,0.7508896052809645,0.7535156509394273,higher values generally align with higher predicted final_grade,0.4378054535251505,0.6666666666666666,positive_permutation_rmse_increase,0.16473782328587017,0.006481534006111107,12
C_twin_oulad,temporal_forward,gradient_boosting,clicks_trend_to_date,0.11409604120009385,0.00915142444077093,0.00255334618929844,-0.036313016207714384,-0.0422326527374643,weak or mixed direction in held-out predictions,-1.8906106519742882,0.0,positive_permutation_rmse_increase,0.11409604120009385,0.004489056345717128,13
C_twin_oulad,temporal_forward,gradient_boosting,cumulative_assessment_score_count_to_date,0.08569416201698452,0.009128894084154775,0.0001580518153201261,0.8354494044277002,0.8508977815950611,higher values generally align with higher predicted final_grade,3.452364554637282,2.0,positive_permutation_rmse_increase,0.08569416201698452,0.003371597451997656,14
C_twin_oulad,temporal_forward,gradient_boosting,engagement_index_oulad,0.04235339014231817,0.0036539155686899625,0.00018595715974746932,0.7607567801875671,0.7681144094549256,higher values generally align with higher predicted final_grade,0.7728509390441209,1.0,positive_permutation_rmse_increase,0.04235339014231817,0.0016663746855824322,15
C_twin_oulad,temporal_forward,gradient_boosting,banked_assessment_rate_to_date,0.038202459893488576,0.010174243430230871,0.0009654902196138269,-0.056437609297180426,-0.06330334133701318,weak or mixed direction in held-out predictions,0.031189328348419254,0.0,positive_permutation_rmse_increase,0.038202459893488576,0.00150305824113666,16
C_twin_oulad,temporal_forward,gradient_boosting,late_submission_rate_to_date,0.03803064941852755,0.013240906867590215,0.0024948505377519027,-0.0829261752167323,-0.054116586979788675,weak or mixed direction in held-out predictions,0.11884674668765577,0.0,positive_permutation_rmse_increase,0.03803064941852755,0.0014962984368983002,17
C_twin_oulad,temporal_forward,gradient_boosting,has_vle_activity_to_date,0.0056568032576989205,0.0008898112065164082,8.508312738458323e-06,0.3201734973115939,0.3232632534041195,higher values generally align with higher predicted final_grade,0.9214876033057852,1.0,positive_permutation_rmse_increase,0.0056568032576989205,0.0002225643264511948,18
C_twin_oulad,temporal_forward,gradient_boosting,cma_mastery_to_date,0.0,0.0,0.0,,,direction unclear,0.0,0.0,positive_permutation_rmse_increase,0.0,0.0,19
C_twin_oulad,temporal_forward,gradient_boosting,cma_mastery_to_date_was_missing,0.0,0.0,0.0,,,direction unclear,1.0,1.0,positive_permutation_rmse_increase,0.0,0.0,20
C_twin_oulad,temporal_forward,gradient_boosting,course_week_progress,0.0,0.0,0.0007936059117625369,-0.021851954415437327,-2.1336940643296422e-16,weak or mixed direction in held-out predictions,0.7763157894736842,0.3157894736842105,positive_permutation_rmse_increase,0.0,0.0,21
C_twin_oulad,temporal_forward,gradient_boosting,exam_mastery_to_date,0.0,0.0,0.0,0.1527926829820749,0.16906642913933978,higher values generally align with higher predicted final_grade,1.886593204775023,0.0,positive_permutation_rmse_increase,0.0,0.0,22
C_twin_oulad,temporal_forward,gradient_boosting,exam_mastery_to_date_was_missing,0.0,0.0,0.0,0.01369513472256571,3.511860233622437e-16,weak or mixed direction in held-out predictions,0.9444444444444444,1.0,positive_permutation_rmse_increase,0.0,0.0,23
C_twin_oulad,temporal_forward,gradient_boosting,has_assessment_score_to_date,0.0,0.0,1.3400888186479044e-06,0.5841240470373961,0.6002962061346601,higher values generally align with higher predicted final_grade,0.7768595041322314,1.0,positive_permutation_rmse_increase,0.0,0.0,24
C_twin_oulad,temporal_forward,gradient_boosting,has_due_assessment_to_date,0.0,0.0,0.0,,,direction unclear,1.0,1.0,positive_permutation_rmse_increase,0.0,0.0,25
C_twin_oulad,temporal_forward,gradient_boosting,has_weighted_score_to_date,0.0,0.0,2.214164677749324e-06,0.5841240470373961,0.6002962061346601,higher values generally align with higher predicted final_grade,0.7768595041322314,1.0,positive_permutation_rmse_increase,0.0,0.0,26
C_twin_oulad,temporal_forward,gradient_boosting,is_registered_by_week,0.0,0.0,0.0,,,direction unclear,1.0,1.0,positive_permutation_rmse_increase,0.0,0.0,27
C_twin_oulad,temporal_forward,gradient_boosting,mastery_assessment_coverage_to_date,0.0,0.0,0.0008443870143607377,-0.02114172654222623,-7.802835250387887e-17,weak or mixed direction in held-out predictions,0.4611111111111111,0.1125,positive_permutation_rmse_increase,0.0,0.0,28
C_twin_oulad,temporal_forward,gradient_boosting,week_number,0.0,0.0,0.0009805044730733805,-0.021851954415436605,6.444590354485664e-16,weak or mixed direction in held-out predictions,29.5,12.0,positive_permutation_rmse_increase,0.0,0.0,29
C_twin_oulad,temporal_forward,gradient_boosting,has_current_assessment_cluster,-0.0002373295682476832,0.0001304908085195362,2.6667519462535755e-05,-0.006432959348410214,8.843740298982301e-17,weak or mixed direction in held-out predictions,0.16666666666666666,0.0,positive_permutation_rmse_increase,0.0,0.0,30
C_twin_oulad,temporal_forward,gradient_boosting,assessment_score_trend_to_date,-0.0026502658428078974,0.002375295135713745,0.0004192797068394675,-0.08054075328680309,-0.07920306677992812,weak or mixed direction in held-out predictions,-0.1599597162097162,0.0,positive_permutation_rmse_increase,0.0,0.0,31
C_twin_oulad,temporal_forward,gradient_boosting,current_assessment_cluster_mastery,-0.0084523373240278,0.007647761749918961,0.0004562089643930831,0.30180578199948715,0.293211238213787,higher values generally align with higher predicted final_grade,51.617079889807165,56.0,positive_permutation_rmse_increase,0.0,0.0,32
C_twin_oulad,temporal_forward,gradient_boosting,days_since_registration_start,-0.01797181270478241,0.011627058816441185,0.003526357263100536,-0.04054692692876624,-0.05933658045990469,weak or mixed direction in held-out predictions,296.5847107438017,164.0,positive_permutation_rmse_increase,0.0,0.0,33
C_twin_oulad,temporal_forward,gradient_boosting,cumulative_social_clicks_to_date,-0.021118252164206788,0.030416388069042184,0.008615516559970638,0.591156823768339,0.567554376616603,higher values generally align with higher predicted final_grade,298.91689623507807,74.0,positive_permutation_rmse_increase,0.0,0.0,34
C_twin_oulad,temporal_forward,gradient_boosting,cumulative_assessment_clicks_to_date,-0.027501222947324187,0.009222227087179492,0.0026253975724904494,0.4057419214634738,0.39825106316709047,higher values generally align with higher predicted final_grade,8.778007346189165,3.0,positive_permutation_rmse_increase,0.0,0.0,35
C_twin_oulad,temporal_forward,gradient_boosting,cumulative_other_clicks_to_date,-0.03388821083457039,0.012009805452694247,0.004604267263102165,0.21141406000492924,0.20301731760641142,higher values generally align with higher predicted final_grade,5.633723599632691,0.0,positive_permutation_rmse_increase,0.0,0.0,36
C_twin_oulad,temporal_forward,gradient_boosting,assessment_submission_rate_due_to_date,-0.038008720849066674,0.0025964679159768992,0.00020260913057355967,0.8605819835255208,0.8689094868616128,higher values generally align with higher predicted final_grade,0.6242142747824565,1.0,positive_permutation_rmse_increase,0.0,0.0,37
