feature_set,model,target,task,split_strategy,n_train_rows,n_test_rows,n_train_students,n_test_students,metric_accuracy,metric_precision,metric_recall,metric_f1,metric_roc_auc,split_metadata_json,metric_mae,metric_rmse,metric_r2
A_simple_oulad,logistic_regression,passed_observed,classification,student_group,50890,16940,1454,484,0.8508854781582055,0.8083417338709677,0.8645552560646901,0.8355040375097682,0.9342923608122495,"{""row_counts"": {""test"": 16940, ""train"": 50890, ""validation"": 0}, ""seed"": 42, ""student_counts"": {""test"": 484, ""train"": 1454, ""validation"": 0}}",,,
A_simple_oulad,random_forest,passed_observed,classification,student_group,50890,16940,1454,484,0.8404368358913813,0.7955143465731112,0.8556603773584905,0.8244919161093436,0.9200016563229065,"{""row_counts"": {""test"": 16940, ""train"": 50890, ""validation"": 0}, ""seed"": 42, ""student_counts"": {""test"": 484, ""train"": 1454, ""validation"": 0}}",,,
A_simple_oulad,gradient_boosting,passed_observed,classification,student_group,50890,16940,1454,484,0.8588547815820543,0.8183314343587796,0.8711590296495957,0.8439193158822378,0.9418527175020952,"{""row_counts"": {""test"": 16940, ""train"": 50890, ""validation"": 0}, ""seed"": 42, ""student_counts"": {""test"": 484, ""train"": 1454, ""validation"": 0}}",,,
A_simple_oulad,linear_regression,final_weighted_score,regression,student_group,50890,16940,1454,484,,,,,,"{""row_counts"": {""test"": 16940, ""train"": 50890, ""validation"": 0}, ""seed"": 42, ""student_counts"": {""test"": 484, ""train"": 1454, ""validation"": 0}}",12.9716954436442,16.709168485736175,0.7481528367972692
A_simple_oulad,random_forest,final_weighted_score,regression,student_group,50890,16940,1454,484,,,,,,"{""row_counts"": {""test"": 16940, ""train"": 50890, ""validation"": 0}, ""seed"": 42, ""student_counts"": {""test"": 484, ""train"": 1454, ""validation"": 0}}",9.25382609800142,15.069270475037095,0.7951613792512369
A_simple_oulad,gradient_boosting,final_weighted_score,regression,student_group,50890,16940,1454,484,,,,,,"{""row_counts"": {""test"": 16940, ""train"": 50890, ""validation"": 0}, ""seed"": 42, ""student_counts"": {""test"": 484, ""train"": 1454, ""validation"": 0}}",9.25014409836927,13.866335663443234,0.8265593849749813
A_simple_oulad,logistic_regression,passed_observed,classification,temporal_forward,24718,8712,1454,484,0.8632920110192838,0.9097720886668748,0.7636268343815513,0.8303177090753668,0.9593573048978503,"{""held_out_students"": 484, ""student_seed"": 42, ""student_test_size"": 0.25, ""test_rows"": 8712, ""train_rows"": 24718, ""train_weeks"": 20}",,,
A_simple_oulad,random_forest,passed_observed,classification,temporal_forward,24718,8712,1454,484,0.7307162534435262,0.7643884892086331,0.5568658280922432,0.6443298969072165,0.8810229717323688,"{""held_out_students"": 484, ""student_seed"": 42, ""student_test_size"": 0.25, ""test_rows"": 8712, ""train_rows"": 24718, ""train_weeks"": 20}",,,
A_simple_oulad,gradient_boosting,passed_observed,classification,temporal_forward,24718,8712,1454,484,0.7899449035812672,0.8215673575129534,0.664832285115304,0.734936268829664,0.9005899491391596,"{""held_out_students"": 484, ""student_seed"": 42, ""student_test_size"": 0.25, ""test_rows"": 8712, ""train_rows"": 24718, ""train_weeks"": 20}",,,
A_simple_oulad,linear_regression,final_weighted_score,regression,temporal_forward,24718,8712,1454,484,,,,,,"{""held_out_students"": 484, ""student_seed"": 42, ""student_test_size"": 0.25, ""test_rows"": 8712, ""train_rows"": 24718, ""train_weeks"": 20}",13.422290117337521,16.07548621784149,0.766892835453675
A_simple_oulad,random_forest,final_weighted_score,regression,temporal_forward,24718,8712,1454,484,,,,,,"{""held_out_students"": 484, ""student_seed"": 42, ""student_test_size"": 0.25, ""test_rows"": 8712, ""train_rows"": 24718, ""train_weeks"": 20}",10.008926099339885,15.5674497638938,0.7813938716141331
A_simple_oulad,gradient_boosting,final_weighted_score,regression,temporal_forward,24718,8712,1454,484,,,,,,"{""held_out_students"": 484, ""student_seed"": 42, ""student_test_size"": 0.25, ""test_rows"": 8712, ""train_rows"": 24718, ""train_weeks"": 20}",9.393722288785224,13.666131220916029,0.8315315578804197
B_lms_oulad,logistic_regression,passed_observed,classification,student_group,50890,16940,1454,484,0.8674144037780401,0.8244293955354903,0.8859838274932614,0.8540989996102377,0.95074153718091,"{""row_counts"": {""test"": 16940, ""train"": 50890, ""validation"": 0}, ""seed"": 42, ""student_counts"": {""test"": 484, ""train"": 1454, ""validation"": 0}}",,,
B_lms_oulad,random_forest,passed_observed,classification,student_group,50890,16940,1454,484,0.8721959858323495,0.8274959491462046,0.8947439353099731,0.8598070323123745,0.9465150966046796,"{""row_counts"": {""test"": 16940, ""train"": 50890, ""validation"": 0}, ""seed"": 42, ""student_counts"": {""test"": 484, ""train"": 1454, ""validation"": 0}}",,,
B_lms_oulad,gradient_boosting,passed_observed,classification,student_group,50890,16940,1454,484,0.8757378984651711,0.8346555849389246,0.8932614555256064,0.8629646507388842,0.9531563427257695,"{""row_counts"": {""test"": 16940, ""train"": 50890, ""validation"": 0}, ""seed"": 42, ""student_counts"": {""test"": 484, ""train"": 1454, ""validation"": 0}}",,,
B_lms_oulad,linear_regression,final_weighted_score,regression,student_group,50890,16940,1454,484,,,,,,"{""row_counts"": {""test"": 16940, ""train"": 50890, ""validation"": 0}, ""seed"": 42, ""student_counts"": {""test"": 484, ""train"": 1454, ""validation"": 0}}",10.154401454681766,14.318050130484488,0.8150752057457192
B_lms_oulad,random_forest,final_weighted_score,regression,student_group,50890,16940,1454,484,,,,,,"{""row_counts"": {""test"": 16940, ""train"": 50890, ""validation"": 0}, ""seed"": 42, ""student_counts"": {""test"": 484, ""train"": 1454, ""validation"": 0}}",8.050182509890112,13.619587859084625,0.8326771249993922
B_lms_oulad,gradient_boosting,final_weighted_score,regression,student_group,50890,16940,1454,484,,,,,,"{""row_counts"": {""test"": 16940, ""train"": 50890, ""validation"": 0}, ""seed"": 42, ""student_counts"": {""test"": 484, ""train"": 1454, ""validation"": 0}}",7.89073661050925,12.659759449216358,0.8554299623319495
B_lms_oulad,logistic_regression,passed_observed,classification,temporal_forward,24718,8712,1454,484,0.8997933884297521,0.8760541783797597,0.8983228511530398,0.8870487773321257,0.9697029449445745,"{""held_out_students"": 484, ""student_seed"": 42, ""student_test_size"": 0.25, ""test_rows"": 8712, ""train_rows"": 24718, ""train_weeks"": 20}",,,
B_lms_oulad,random_forest,passed_observed,classification,temporal_forward,24718,8712,1454,484,0.8693755739210285,0.9240025332488917,0.7646750524109015,0.8368224835101806,0.9597081025369617,"{""held_out_students"": 484, ""student_seed"": 42, ""student_test_size"": 0.25, ""test_rows"": 8712, ""train_rows"": 24718, ""train_weeks"": 20}",,,
B_lms_oulad,gradient_boosting,passed_observed,classification,temporal_forward,24718,8712,1454,484,0.8729338842975206,0.9260773828247877,0.7714884696016772,0.8417441029306647,0.9677661983512833,"{""held_out_students"": 484, ""student_seed"": 42, ""student_test_size"": 0.25, ""test_rows"": 8712, ""train_rows"": 24718, ""train_weeks"": 20}",,,
B_lms_oulad,linear_regression,final_weighted_score,regression,temporal_forward,24718,8712,1454,484,,,,,,"{""held_out_students"": 484, ""student_seed"": 42, ""student_test_size"": 0.25, ""test_rows"": 8712, ""train_rows"": 24718, ""train_weeks"": 20}",9.215429194212987,12.232246547461544,0.8650291948054706
B_lms_oulad,random_forest,final_weighted_score,regression,temporal_forward,24718,8712,1454,484,,,,,,"{""held_out_students"": 484, ""student_seed"": 42, ""student_test_size"": 0.25, ""test_rows"": 8712, ""train_rows"": 24718, ""train_weeks"": 20}",9.282106789916805,13.264459732153615,0.8412891863141447
B_lms_oulad,gradient_boosting,final_weighted_score,regression,temporal_forward,24718,8712,1454,484,,,,,,"{""held_out_students"": 484, ""student_seed"": 42, ""student_test_size"": 0.25, ""test_rows"": 8712, ""train_rows"": 24718, ""train_weeks"": 20}",6.376544429034185,9.56096402858039,0.917542387610861
B_lms_plus_trends_oulad,logistic_regression,passed_observed,classification,student_group,50890,16940,1454,484,0.8682998819362455,0.8259831637140345,0.8859838274932614,0.8549320501983224,0.9509954925366373,"{""row_counts"": {""test"": 16940, ""train"": 50890, ""validation"": 0}, ""seed"": 42, ""student_counts"": {""test"": 484, ""train"": 1454, ""validation"": 0}}",,,
B_lms_plus_trends_oulad,random_forest,passed_observed,classification,student_group,50890,16940,1454,484,0.8742621015348289,0.8293897882938979,0.8975741239892183,0.8621359223300971,0.9476646767197445,"{""row_counts"": {""test"": 16940, ""train"": 50890, ""validation"": 0}, ""seed"": 42, ""student_counts"": {""test"": 484, ""train"": 1454, ""validation"": 0}}",,,
B_lms_plus_trends_oulad,gradient_boosting,passed_observed,classification,student_group,50890,16940,1454,484,0.8775678866587957,0.8373296314992428,0.8942048517520216,0.8648331595411888,0.9539084124215724,"{""row_counts"": {""test"": 16940, ""train"": 50890, ""validation"": 0}, ""seed"": 42, ""student_counts"": {""test"": 484, ""train"": 1454, ""validation"": 0}}",,,
B_lms_plus_trends_oulad,linear_regression,final_weighted_score,regression,student_group,50890,16940,1454,484,,,,,,"{""row_counts"": {""test"": 16940, ""train"": 50890, ""validation"": 0}, ""seed"": 42, ""student_counts"": {""test"": 484, ""train"": 1454, ""validation"": 0}}",10.125211001067049,14.280533789734541,0.8160430208327378
B_lms_plus_trends_oulad,random_forest,final_weighted_score,regression,student_group,50890,16940,1454,484,,,,,,"{""row_counts"": {""test"": 16940, ""train"": 50890, ""validation"": 0}, ""seed"": 42, ""student_counts"": {""test"": 484, ""train"": 1454, ""validation"": 0}}",7.966368248377876,13.549055293629412,0.8344056872207724
B_lms_plus_trends_oulad,gradient_boosting,final_weighted_score,regression,student_group,50890,16940,1454,484,,,,,,"{""row_counts"": {""test"": 16940, ""train"": 50890, ""validation"": 0}, ""seed"": 42, ""student_counts"": {""test"": 484, ""train"": 1454, ""validation"": 0}}",7.8677148807620645,12.611922001812136,0.8565204720077252
B_lms_plus_trends_oulad,logistic_regression,passed_observed,classification,temporal_forward,24718,8712,1454,484,0.8999081726354453,0.8774358974358974,0.8967505241090147,0.8869880767236911,0.9713095810039599,"{""held_out_students"": 484, ""student_seed"": 42, ""student_test_size"": 0.25, ""test_rows"": 8712, ""train_rows"": 24718, ""train_weeks"": 20}",,,
B_lms_plus_trends_oulad,random_forest,passed_observed,classification,temporal_forward,24718,8712,1454,484,0.8690312213039486,0.92285804615871,0.764937106918239,0.8365095285857572,0.9609606759807348,"{""held_out_students"": 484, ""student_seed"": 42, ""student_test_size"": 0.25, ""test_rows"": 8712, ""train_rows"": 24718, ""train_weeks"": 20}",,,
B_lms_plus_trends_oulad,gradient_boosting,passed_observed,classification,temporal_forward,24718,8712,1454,484,0.8731634527089073,0.9271982351087299,0.7709643605870021,0.8418944054943482,0.9681624915645852,"{""held_out_students"": 484, ""student_seed"": 42, ""student_test_size"": 0.25, ""test_rows"": 8712, ""train_rows"": 24718, ""train_weeks"": 20}",,,
B_lms_plus_trends_oulad,linear_regression,final_weighted_score,regression,temporal_forward,24718,8712,1454,484,,,,,,"{""held_out_students"": 484, ""student_seed"": 42, ""student_test_size"": 0.25, ""test_rows"": 8712, ""train_rows"": 24718, ""train_weeks"": 20}",8.804400120752897,11.758315055568875,0.8752853213158576
B_lms_plus_trends_oulad,random_forest,final_weighted_score,regression,temporal_forward,24718,8712,1454,484,,,,,,"{""held_out_students"": 484, ""student_seed"": 42, ""student_test_size"": 0.25, ""test_rows"": 8712, ""train_rows"": 24718, ""train_weeks"": 20}",9.066992485960327,13.104248430432552,0.8450999269372036
B_lms_plus_trends_oulad,gradient_boosting,final_weighted_score,regression,temporal_forward,24718,8712,1454,484,,,,,,"{""held_out_students"": 484, ""student_seed"": 42, ""student_test_size"": 0.25, ""test_rows"": 8712, ""train_rows"": 24718, ""train_weeks"": 20}",6.535396923918603,9.63781897009792,0.9162114034624703
B_lms_plus_mastery_oulad,logistic_regression,passed_observed,classification,student_group,50890,16940,1454,484,0.8711334120425029,0.8304100946372239,0.8869272237196766,0.8577386770935158,0.9516678322272305,"{""row_counts"": {""test"": 16940, ""train"": 50890, ""validation"": 0}, ""seed"": 42, ""student_counts"": {""test"": 484, ""train"": 1454, ""validation"": 0}}",,,
B_lms_plus_mastery_oulad,random_forest,passed_observed,classification,student_group,50890,16940,1454,484,0.8697756788665879,0.8283375314861461,0.8863881401617251,0.8563802083333333,0.9451419766019616,"{""row_counts"": {""test"": 16940, ""train"": 50890, ""validation"": 0}, ""seed"": 42, ""student_counts"": {""test"": 484, ""train"": 1454, ""validation"": 0}}",,,
B_lms_plus_mastery_oulad,gradient_boosting,passed_observed,classification,student_group,50890,16940,1454,484,0.8742030696576151,0.8344504869103326,0.8892183288409703,0.8609643113459907,0.9528724956963918,"{""row_counts"": {""test"": 16940, ""train"": 50890, ""validation"": 0}, ""seed"": 42, ""student_counts"": {""test"": 484, ""train"": 1454, ""validation"": 0}}",,,
B_lms_plus_mastery_oulad,linear_regression,final_weighted_score,regression,student_group,50890,16940,1454,484,,,,,,"{""row_counts"": {""test"": 16940, ""train"": 50890, ""validation"": 0}, ""seed"": 42, ""student_counts"": {""test"": 484, ""train"": 1454, ""validation"": 0}}",8.619167991094622,13.121635508447731,0.844688602867032
B_lms_plus_mastery_oulad,random_forest,final_weighted_score,regression,student_group,50890,16940,1454,484,,,,,,"{""row_counts"": {""test"": 16940, ""train"": 50890, ""validation"": 0}, ""seed"": 42, ""student_counts"": {""test"": 484, ""train"": 1454, ""validation"": 0}}",8.089449913458582,13.673268209604348,0.83135555030295
B_lms_plus_mastery_oulad,gradient_boosting,final_weighted_score,regression,student_group,50890,16940,1454,484,,,,,,"{""row_counts"": {""test"": 16940, ""train"": 50890, ""validation"": 0}, ""seed"": 42, ""student_counts"": {""test"": 484, ""train"": 1454, ""validation"": 0}}",7.893283417394774,12.720805266373128,0.8540323569018293
B_lms_plus_mastery_oulad,logistic_regression,passed_observed,classification,temporal_forward,24718,8712,1454,484,0.8983011937557392,0.8835078534031413,0.8844339622641509,0.8839706652697747,0.9694025671065072,"{""held_out_students"": 484, ""student_seed"": 42, ""student_test_size"": 0.25, ""test_rows"": 8712, ""train_rows"": 24718, ""train_weeks"": 20}",,,
B_lms_plus_mastery_oulad,random_forest,passed_observed,classification,temporal_forward,24718,8712,1454,484,0.8731634527089073,0.9231970028098657,0.774895178197065,0.8425701666904117,0.9619796162699881,"{""held_out_students"": 484, ""student_seed"": 42, ""student_test_size"": 0.25, ""test_rows"": 8712, ""train_rows"": 24718, ""train_weeks"": 20}",,,
B_lms_plus_mastery_oulad,gradient_boosting,passed_observed,classification,temporal_forward,24718,8712,1454,484,0.8785583103764922,0.9264069264069265,0.7851153039832285,0.8499290780141844,0.9675386937182282,"{""held_out_students"": 484, ""student_seed"": 42, ""student_test_size"": 0.25, ""test_rows"": 8712, ""train_rows"": 24718, ""train_weeks"": 20}",,,
B_lms_plus_mastery_oulad,linear_regression,final_weighted_score,regression,temporal_forward,24718,8712,1454,484,,,,,,"{""held_out_students"": 484, ""student_seed"": 42, ""student_test_size"": 0.25, ""test_rows"": 8712, ""train_rows"": 24718, ""train_weeks"": 20}",7.75580681506589,10.49556840912824,0.9006336552721068
B_lms_plus_mastery_oulad,random_forest,final_weighted_score,regression,temporal_forward,24718,8712,1454,484,,,,,,"{""held_out_students"": 484, ""student_seed"": 42, ""student_test_size"": 0.25, ""test_rows"": 8712, ""train_rows"": 24718, ""train_weeks"": 20}",8.622726814916076,12.628323565698176,0.8561470445717083
B_lms_plus_mastery_oulad,gradient_boosting,final_weighted_score,regression,temporal_forward,24718,8712,1454,484,,,,,,"{""held_out_students"": 484, ""student_seed"": 42, ""student_test_size"": 0.25, ""test_rows"": 8712, ""train_rows"": 24718, ""train_weeks"": 20}",6.0816521274284545,9.180443630253873,0.9239752985235349
B_lms_plus_indices_oulad,logistic_regression,passed_observed,classification,student_group,50890,16940,1454,484,0.867650531286895,0.8247616658304064,0.8861185983827493,0.8543399168399168,0.9507287112958391,"{""row_counts"": {""test"": 16940, ""train"": 50890, ""validation"": 0}, ""seed"": 42, ""student_counts"": {""test"": 484, ""train"": 1454, ""validation"": 0}}",,,
B_lms_plus_indices_oulad,random_forest,passed_observed,classification,student_group,50890,16940,1454,484,0.8680047225501771,0.8273553927759535,0.8828840970350404,0.8542182813926197,0.9445495580307595,"{""row_counts"": {""test"": 16940, ""train"": 50890, ""validation"": 0}, ""seed"": 42, ""student_counts"": {""test"": 484, ""train"": 1454, ""validation"": 0}}",,,
B_lms_plus_indices_oulad,gradient_boosting,passed_observed,classification,student_group,50890,16940,1454,484,0.8755608028335301,0.8344245781918912,0.8931266846361186,0.862778284077594,0.9532611794717887,"{""row_counts"": {""test"": 16940, ""train"": 50890, ""validation"": 0}, ""seed"": 42, ""student_counts"": {""test"": 484, ""train"": 1454, ""validation"": 0}}",,,
B_lms_plus_indices_oulad,linear_regression,final_weighted_score,regression,student_group,50890,16940,1454,484,,,,,,"{""row_counts"": {""test"": 16940, ""train"": 50890, ""validation"": 0}, ""seed"": 42, ""student_counts"": {""test"": 484, ""train"": 1454, ""validation"": 0}}",10.154373819025224,14.318041750026058,0.8150754222212985
B_lms_plus_indices_oulad,random_forest,final_weighted_score,regression,student_group,50890,16940,1454,484,,,,,,"{""row_counts"": {""test"": 16940, ""train"": 50890, ""validation"": 0}, ""seed"": 42, ""student_counts"": {""test"": 484, ""train"": 1454, ""validation"": 0}}",8.073571735311345,13.664402039298029,0.8315741879559935
B_lms_plus_indices_oulad,gradient_boosting,final_weighted_score,regression,student_group,50890,16940,1454,484,,,,,,"{""row_counts"": {""test"": 16940, ""train"": 50890, ""validation"": 0}, ""seed"": 42, ""student_counts"": {""test"": 484, ""train"": 1454, ""validation"": 0}}",7.901069812853159,12.667911847579097,0.8552437072885962
B_lms_plus_indices_oulad,logistic_regression,passed_observed,classification,temporal_forward,24718,8712,1454,484,0.8991046831955923,0.8731893265565438,0.90041928721174,0.8865952780286415,0.9687855935962786,"{""held_out_students"": 484, ""student_seed"": 42, ""student_test_size"": 0.25, ""test_rows"": 8712, ""train_rows"": 24718, ""train_weeks"": 20}",,,
B_lms_plus_indices_oulad,random_forest,passed_observed,classification,temporal_forward,24718,8712,1454,484,0.871900826446281,0.9255989911727617,0.7693920335429769,0.8402976531196337,0.9596399126998808,"{""held_out_students"": 484, ""student_seed"": 42, ""student_test_size"": 0.25, ""test_rows"": 8712, ""train_rows"": 24718, ""train_weeks"": 20}",,,
B_lms_plus_indices_oulad,gradient_boosting,passed_observed,classification,temporal_forward,24718,8712,1454,484,0.8745408631772268,0.9177661859466094,0.7838050314465409,0.8455123674911661,0.9659216472009838,"{""held_out_students"": 484, ""student_seed"": 42, ""student_test_size"": 0.25, ""test_rows"": 8712, ""train_rows"": 24718, ""train_weeks"": 20}",,,
B_lms_plus_indices_oulad,linear_regression,final_weighted_score,regression,temporal_forward,24718,8712,1454,484,,,,,,"{""held_out_students"": 484, ""student_seed"": 42, ""student_test_size"": 0.25, ""test_rows"": 8712, ""train_rows"": 24718, ""train_weeks"": 20}",9.216650617647652,12.234060902592613,0.8649891525886378
B_lms_plus_indices_oulad,random_forest,final_weighted_score,regression,temporal_forward,24718,8712,1454,484,,,,,,"{""held_out_students"": 484, ""student_seed"": 42, ""student_test_size"": 0.25, ""test_rows"": 8712, ""train_rows"": 24718, ""train_weeks"": 20}",9.190472499423542,13.146974063002657,0.8440881950894619
B_lms_plus_indices_oulad,gradient_boosting,final_weighted_score,regression,temporal_forward,24718,8712,1454,484,,,,,,"{""held_out_students"": 484, ""student_seed"": 42, ""student_test_size"": 0.25, ""test_rows"": 8712, ""train_rows"": 24718, ""train_weeks"": 20}",6.168165394282828,9.342805170353367,0.9212624364801134
C_twin_oulad,logistic_regression,passed_observed,classification,student_group,50890,16940,1454,484,0.8707792207792208,0.8301982072970584,0.8862533692722372,0.8573104751971841,0.9519650077011937,"{""row_counts"": {""test"": 16940, ""train"": 50890, ""validation"": 0}, ""seed"": 42, ""student_counts"": {""test"": 484, ""train"": 1454, ""validation"": 0}}",,,
C_twin_oulad,random_forest,passed_observed,classification,student_group,50890,16940,1454,484,0.8666469893742621,0.8266869223952399,0.8800539083557951,0.852536066322867,0.9449882075471698,"{""row_counts"": {""test"": 16940, ""train"": 50890, ""validation"": 0}, ""seed"": 42, ""student_counts"": {""test"": 484, ""train"": 1454, ""validation"": 0}}",,,
C_twin_oulad,gradient_boosting,passed_observed,classification,student_group,50890,16940,1454,484,0.8769185360094451,0.836763034970332,0.8932614555256064,0.8640896942832932,0.9533161354164307,"{""row_counts"": {""test"": 16940, ""train"": 50890, ""validation"": 0}, ""seed"": 42, ""student_counts"": {""test"": 484, ""train"": 1454, ""validation"": 0}}",,,
C_twin_oulad,linear_regression,final_weighted_score,regression,student_group,50890,16940,1454,484,,,,,,"{""row_counts"": {""test"": 16940, ""train"": 50890, ""validation"": 0}, ""seed"": 42, ""student_counts"": {""test"": 484, ""train"": 1454, ""validation"": 0}}",8.6041103911538,13.096765586394003,0.8452767798348408
C_twin_oulad,random_forest,final_weighted_score,regression,student_group,50890,16940,1454,484,,,,,,"{""row_counts"": {""test"": 16940, ""train"": 50890, ""validation"": 0}, ""seed"": 42, ""student_counts"": {""test"": 484, ""train"": 1454, ""validation"": 0}}",8.020251448540428,13.61585643028493,0.8327687970635431
C_twin_oulad,gradient_boosting,final_weighted_score,regression,student_group,50890,16940,1454,484,,,,,,"{""row_counts"": {""test"": 16940, ""train"": 50890, ""validation"": 0}, ""seed"": 42, ""student_counts"": {""test"": 484, ""train"": 1454, ""validation"": 0}}",7.81439418076658,12.64057887215131,0.8558677014764021
C_twin_oulad,logistic_regression,passed_observed,classification,temporal_forward,24718,8712,1454,484,0.8980716253443526,0.8862796833773087,0.8802410901467506,0.8832500657375756,0.9690925549115522,"{""held_out_students"": 484, ""student_seed"": 42, ""student_test_size"": 0.25, ""test_rows"": 8712, ""train_rows"": 24718, ""train_weeks"": 20}",,,
C_twin_oulad,random_forest,passed_observed,classification,temporal_forward,24718,8712,1454,484,0.8694903581267218,0.9264565425023877,0.7625786163522013,0.8365674859853385,0.9618644054188761,"{""held_out_students"": 484, ""student_seed"": 42, ""student_test_size"": 0.25, ""test_rows"": 8712, ""train_rows"": 24718, ""train_weeks"": 20}",,,
C_twin_oulad,gradient_boosting,passed_observed,classification,temporal_forward,24718,8712,1454,484,0.8755739210284664,0.923697270471464,0.7803983228511531,0.8460227272727273,0.9680477356692153,"{""held_out_students"": 484, ""student_seed"": 42, ""student_test_size"": 0.25, ""test_rows"": 8712, ""train_rows"": 24718, ""train_weeks"": 20}",,,
C_twin_oulad,linear_regression,final_weighted_score,regression,temporal_forward,24718,8712,1454,484,,,,,,"{""held_out_students"": 484, ""student_seed"": 42, ""student_test_size"": 0.25, ""test_rows"": 8712, ""train_rows"": 24718, ""train_weeks"": 20}",7.886220248147654,10.723395715630492,0.8962729439127424
C_twin_oulad,random_forest,final_weighted_score,regression,temporal_forward,24718,8712,1454,484,,,,,,"{""held_out_students"": 484, ""student_seed"": 42, ""student_test_size"": 0.25, ""test_rows"": 8712, ""train_rows"": 24718, ""train_weeks"": 20}",8.601604766711068,12.82325425869811,0.8516717428088202
C_twin_oulad,gradient_boosting,final_weighted_score,regression,temporal_forward,24718,8712,1454,484,,,,,,"{""held_out_students"": 484, ""student_seed"": 42, ""student_test_size"": 0.25, ""test_rows"": 8712, ""train_rows"": 24718, ""train_weeks"": 20}",6.392935327156321,9.584532736886704,0.917135354435678
